R,E
2.6,84.83487009497614
2.605,83.44131564286177
2.61,82.06974128730542
2.615,80.71978293483328
2.62,79.39108301727941
2.625,78.08329036448835
2.63,76.7960600797165
2.6350000000000002,75.52905341767021
2.64,74.28193766512074
2.645,73.05438602403572
2.65,71.84607749717175
2.6550000000000002,70.6566967760701
2.66,69.48593413140293
2.665,68.33348530561379
2.67,67.19905140780392
2.6750000000000003,66.08233881081063
2.68,64.98305905043011
2.685,63.90092872673509
2.69,62.83566940744099
2.6950000000000003,61.787007533274675
2.7,60.75467432530053
2.705,59.7384056941594
2.71,58.73794215117927
2.715,57.75302872131505
2.72,56.78341485787608
2.725,55.82885435900337
2.73,54.889105285855294
2.735,53.96392988246703
2.74,53.05309449724362
2.745,52.15636950605324
2.75,51.27352923688301
2.755,50.40435189602533
2.7600000000000002,49.548619495759255
2.765,48.706117783495586
2.77,47.876636172352335
2.775,47.05996767313026
2.7800000000000002,46.255908827657734
2.785,45.46425964347543
2.79,44.68482352983027
2.795,43.91740723495262
2.8,43.161820784586766
2.805,42.41787742174898
2.81,41.68539354768596
2.815,40.96418866400799
2.8200000000000003,40.25408531597154
2.825,39.55490903688698
2.83,38.86648829362653
2.835,38.18865443320965
2.84,37.52124163044226
2.845,36.864086836588
2.85,36.217029729048946
2.855,35.57991266203419
2.86,34.95258061819632
2.865,34.33488116121403
2.87,33.72666438930217
2.875,33.12778288962784
2.88,32.53809169361581
2.8850000000000002,31.957448233122165
2.89,31.385712297459847
2.895,30.822745991256795
2.9,30.26841369313005
2.9050000000000002,29.722582015159013
2.91,29.18511976313996
2.915,28.655897897606764
2.92,28.134789495601353
2.925,27.621669713178406
2.93,27.11641574862881
2.935,26.618906806407708
2.94,26.12902406175146
2.9450000000000003,25.646650625970302
2.95,25.171671512402632
2.955,24.70397360301635
2.96,24.243445615645527
2.965,23.789978071847763
2.97,23.34346326537078
2.975,22.90379523121547
2.98,22.470869715282262
2.985,22.044584144590516
2.99,21.624837598058065
2.995,21.211530777830276
3.0,20.804565981146567
3.005,20.403847072734678
3.01,20.009279457721156
3.015,19.6207700550478
3.02,19.238227271384318
3.025,18.861560975526366
3.0300000000000002,18.49068247326997
3.035,18.125504482752817
3.04,17.765941110251944
3.045,17.4119078264303
3.05,17.063321443021984
3.055,16.720100089947913
3.06,16.38216319285349
3.065,16.049431451059192
3.07,15.72182681591697
3.075,15.399272469563265
3.08,15.081692804061717
3.085,14.769013400927285
3.09,14.461161011024387
3.095,14.158063534832088
3.1,13.859650003068396
3.105,13.56585055766714
3.11,13.2765964331005
3.115,12.99181993804008
3.12,12.711454437350348
3.125,12.435434334407475
3.13,12.163695053737634
3.135,11.896173023968338
3.14,11.632805661086842
3.145,11.373531351999539
3.15,11.118289438386462
3.1550000000000002,10.86702020084541
3.16,10.61966484332001
3.165,10.37616547780609
3.17,10.136465109331048
3.175,9.900507621201314
3.18,9.668237760512135
3.185,9.439601123915239
3.19,9.214544143639053
3.195,8.993014073756711
3.2,8.774958976697413
3.205,8.560327709996116
3.21,8.349069913277113
3.215,8.141135995467202
3.2199999999999998,7.936477122234031
3.225,7.735045203645143
3.23,7.536792882043969
3.235,7.341673520138123
3.24,7.149641189296382
3.245,6.960650658050511
3.25,6.774657380797535
3.255,6.591617486699185
3.26,6.411487768774805
3.265,6.234225673183666
3.27,6.059789288693679
3.275,5.888137336332591
3.2800000000000002,5.719229159218543
3.285,5.553024712566554
3.29,5.389484553867369
3.295,5.228569833236243
3.3,5.070242283927556
3.3049999999999997,4.914464213012771
3.31,4.7611984922186465
3.315,4.610408548922685
3.32,4.462058357302645
3.325,4.316112429637798
3.33,4.172535807758834
3.335,4.0312940546435385
3.34,3.8923532461559134
3.3449999999999998,3.7556799629258393
3.35,3.6212412823669453
3.355,3.489004770829844
3.36,3.358938475888465
3.365,3.231010918757235
3.37,3.105191086836257
3.375,2.9814484263825562
3.38,2.8597528353049597
3.385,2.740074656080367
3.39,2.6223846687892234
3.395,2.506654084268021
3.4,2.3928545373767847
3.405,2.280958080379399
3.41,2.1709371764346344
3.415,2.062764693196364
3.42,1.9564138965201394
3.425,1.85185844427523
3.4299999999999997,1.7490723802593564
3.435,1.6480301282149483
3.44,1.5487064859446633
3.445,1.4510766195245495
3.45,1.3551160576132304
3.455,1.26080068585523
3.46,1.1681067413767678
3.465,1.0770108073726021
3.4699999999999998,0.987489807781909
3.475,0.8995210020522038
3.48,0.8130819799890006
3.485,0.7281506566904419
3.49,0.6447052675647882
3.495,0.5627243634297763
3.5,0.4821868056921623
3.505,0.4030717616059363
3.51,0.3253586996081985
3.5149999999999997,0.24902738473092256
3.52,0.17405787408758044
3.525,0.10043051243327383
3.53,0.028125927796697425
3.535,-0.04287497281655206
3.54,-0.11259100765127528
3.545,-0.1810407243614982
3.55,-0.2482424041019513
3.5549999999999997,-0.3142140655534611
3.56,-0.3789734688834585
3.565,-0.4425381196426166
3.57,-0.504925272598669
3.575,-0.5661519355087812
3.58,-0.6262348728311373
3.585,-0.685190609377166
3.59,-0.7430354339050425
3.5949999999999998,-0.7997854026559068
3.6,-0.8554563428334347
3.605,-0.9100638560277794
3.61,-0.9636233215851426
3.615,-1.0161498999233878
3.62,-1.0676585357951005
3.625,-1.1181639614988015
3.63,-1.1676807000389182
3.635,-1.2162230682360686
3.6399999999999997,-1.2638051797877239
3.645,-1.3104409482805757
3.65,-1.3561440901554214
3.6550000000000002,-1.4009281276250682
3.66,-1.44480639154634
3.665,-1.4877920242468043
3.67,-1.5298979823071015
3.675,-1.5711370392995292
3.6799999999999997,-1.611521788483543
3.6849999999999996,-1.6510646454591864
3.69,-1.6897778507787855
3.695,-1.7276734725179637
3.7,-1.7647634088063207
3.705,-1.801059390318752
3.71,-1.8365729827278159
3.715,-1.8713155891180016
3.7199999999999998,-1.9052984523623877
3.7249999999999996,-1.9385326574623534
3.73,-1.9710291338510828
3.735,-2.0027986576611667
3.74,-2.0338518539573123
3.745,-2.0641991989343182
3.75,-2.0938510220811715
3.755,-2.1228175083117335
3.76,-2.151108700062565
3.7649999999999997,-2.1787344993584163
3.77,-2.2057046698459573
3.775,-2.23202883879625
3.78,-2.257716499076416
3.785,-2.282777011091188
3.79,-2.3072196046945948
3.795,-2.3310533810724188
3.8,-2.354287314595936
3.8049999999999997,-2.3769302546472026
3.8099999999999996,-2.3989909274166976
3.815,-2.4204779376733434
3.82,-2.441399770507772
3.825,-2.461764793048946
3.83,-2.4815812561548007
3.835,-2.5008572960770827
3.84,-2.519600936101149
3.8449999999999998,-2.5378200881607604
3.8499999999999996,-2.555522554428496
3.855,-2.572716028882194
3.86,-2.589408098847617
3.865,-2.605606246517997
3.87,-2.6213178504505095
3.875,-2.6365501870404096
3.88,-2.6513104319728527
3.885,-2.6656056616529895
3.8899999999999997,-2.6794428546145745
3.8949999999999996,-2.6928288929074373
3.9,-2.705770563464222
3.905,-2.7182745594466304
3.91,-2.730347481571581
3.915,-2.7419958394175445
3.92,-2.753226052711403
3.925,-2.7640444525961243
3.9299999999999997,-2.774457282879604
3.9349999999999996,-2.7844707012648175
3.94,-2.7940907805619197
3.945,-2.8033235098820573
3.95,-2.8121747958137533
3.955,-2.820650463581705
3.96,-2.8287562581884558
3.965,-2.8364978455392738
3.9699999999999998,-2.8438808135502587
3.9749999999999996,-2.8509106732402767
3.98,-2.8575928598066405
3.985,-2.863932733685079
3.9899999999999998,-2.8699355815939906
3.995,-2.875606617563454
4.0,-2.8809509839490666
4.005,-2.8859737524308944
4.01,-2.890679924997835
4.015,-2.895074434917534
4.02,-2.8991621476921345
4.025,-2.90294786200001
4.029999999999999,-2.906436310623766
4.035,-2.9096321613647778
4.04,-2.9125400179442344
4.045,-2.91516442089131
4.05,-2.9175098484180904
4.055,-2.9195807172821002
4.06,-2.9213813836361204
4.0649999999999995,-2.922916143865706
4.07,-2.9241892354145804
4.075,-2.9252048375981587
4.08,-2.9259670724050704
4.085,-2.926480005287413
4.09,-2.9267476459393436
4.095,-2.9267739490644864
4.1,-2.926562815132419
4.1049999999999995,-2.9261180911240583
4.109999999999999,-2.925443571266504
4.115,-2.9245429977571806
4.12,-2.923420061477664
4.125,-2.9220784026971973
4.13,-2.920521611766203
4.135,-2.918753229799801
4.14,-2.9167767493515164
4.145,-2.9145956150774825
4.15,-2.9122132243909338
4.154999999999999,-2.9096329281076443
4.16,-2.906858031081894
4.165,-2.903891792833498
4.17,-2.9007374281659306
4.175,-2.8973981077756044
4.18,-2.8938769588524966
4.185,-2.8901770656722423
4.1899999999999995,-2.886301470179884
4.195,-2.882253172565237
4.199999999999999,-2.878035131830238
4.205,-2.8736502663481325
4.21,-2.8691014544148477
4.215,-2.8643915347925564
4.22,-2.859523307245512
4.225,-2.85449953306842
4.2299999999999995,-2.84932293560726
4.234999999999999,-2.8439962007729047
4.24,-2.838521977547339
4.245,-2.832902878482921
4.25,-2.8271414801945305
4.255,-2.8212403238448953
4.26,-2.8152019156230157
4.265,-2.809028727215937
4.27,-2.802723196273929
4.275,-2.7962877268691333
4.279999999999999,-2.789724689947823
4.285,-2.7830364237762755
4.29,-2.776225234380563
4.295,-2.7692933959800445
4.3,-2.7622431514149444
4.305,-2.755076712567911
4.31,-2.7477962607797295
4.3149999999999995,-2.7404039472592903
4.32,-2.732901893487787
4.324999999999999,-2.725292191617381
4.33,-2.7175769048642717
4.335,-2.7097580678964004
4.34,-2.701837687215697
4.345,-2.693817741535092
4.35,-2.685700182150317
4.3549999999999995,-2.6774869333065467
4.359999999999999,-2.669179892559992
4.365,-2.6607809311344823
4.37,-2.6522918942731977
4.375,-2.6437146015854758
4.38,-2.6350508473888983
4.385,-2.626302401046652
4.39,-2.6174710073002547
4.395,-2.6085583865977586
4.4,-2.5995662354173383
4.404999999999999,-2.5904962265865903
4.41,-2.5813500095973048
4.415,-2.5721292109160876
4.42,-2.562835434290551
4.425,-2.55347026105151
4.43,-2.54403525041091
4.435,-2.5345319397557384
4.4399999999999995,-2.5249618449379136
4.445,-2.515326460560276
4.449999999999999,-2.5056272602585734
4.455,-2.4958656969797373
4.46,-2.4860432032562425
4.465,-2.4761611914768933
4.47,-2.4662210541537624
4.475,-2.4562241641856097
4.4799999999999995,-2.446171875117746
4.484999999999999,-2.4360655213982767
4.49,-2.4259064186309702
4.495,-2.415695863824652
4.5,-2.405435135639233
4.505,-2.3951254946284184
4.51,-2.384768183479162
4.515,-2.374364427247805
4.52,-2.363915433593154
4.5249999999999995,-2.3534223930063067
4.529999999999999,-2.342886479037449
4.535,-2.3323088485195296
4.54,-2.321690641789008
4.545,-2.3110329829036376
4.55,-2.3003369798571454
4.555,-2.2896037247913297
4.56,-2.278834294205014
4.5649999999999995,-2.2680297491603767
4.57,-2.2571911354865177
4.574999999999999,-2.246319483980164
4.58,-2.235415810603852
4.585,-2.2244811166813028
4.59,-2.2135163890903513
4.595,-2.2025226004531318
4.6,-2.1915007093238703
4.605,-2.1804516603740485
4.609999999999999,-2.1693763845751954
4.615,-2.158275799379175
4.619999999999999,-2.147150808896119
4.625,-2.136002304069949
4.63,-2.124831162851625
4.635,-2.113638250369995
4.64,-2.102424419100503
4.645,-2.0911905090315175
4.65,-2.0799373478285563
4.654999999999999,-2.0686657509963196
4.66,-2.0573765220384805
4.664999999999999,-2.0460704526155284
4.67,-2.034748322700337
4.675,-2.023410900731829
4.68,-2.0120589437664913
4.685,-2.0006931976279967
4.6899999999999995,-1.9893143970547342
4.695,-1.977923265845484
4.699999999999999,-1.966520517003107
4.705,-1.95510685287642
4.71,-1.9436829653000816
4.715,-1.9322495357327671
4.72,-1.9208072353934043
4.725,-1.9093567253957202
4.73,-1.8978986568809324
4.734999999999999,-1.8864336711487644
4.74,-1.8749623997866767
4.744999999999999,-1.863485464797499
4.75,-1.852003478725213
4.755,-1.8405170447793342
4.76,-1.8290267569574024
4.765,-1.817533200166066
4.77,-1.8060369503404612
4.775,-1.7945385745620994
4.779999999999999,-1.7830386311751898
4.785,-1.7715376699013836
4.789999999999999,-1.760036231953153
4.795,-1.7485348501455311
4.8,-1.7370340490065166
4.805,-1.7255343448859692
4.81,-1.7140362460631176
4.8149999999999995,-1.7025402528526596
4.82,-1.691046857709443
4.824999999999999,-1.679556545331855
4.83,-1.6680697927637933
4.835,-1.6565870694953677
4.84,-1.645108837562252
4.845,-1.6336355516437537
4.85,-1.622167659159647
4.8549999999999995,-1.6107056003656686
4.859999999999999,-1.5992498084478672
4.865,-1.5878007096156495
4.869999999999999,-1.5763587231936675
4.875,-1.5649242617125063
4.88,-1.5534977309981723
4.885,-1.5420795302604597
4.89,-1.5306700521801497
4.895,-1.519269682995061
4.9,-1.5078788025850454
4.904999999999999,-1.4964977845558405
4.91,-1.4851269963218376
4.914999999999999,-1.4737667991877945
4.92,-1.4624175484294946
4.925,-1.4510795933733625
4.93,-1.439753277475043
4.935,-1.4284389383969733
4.9399999999999995,-1.4171369080849625
4.945,-1.4058475128437622
4.949999999999999,-1.3945710734117003
4.955,-1.3833079050342953
4.959999999999999,-1.372058317537007
4.965,-1.3608226153969545
4.97,-1.3496010978137911
4.975,-1.3383940587796288
4.9799999999999995,-1.32720178714807
4.984999999999999,-1.3160245667023505
4.99,-1.3048626762226103
4.994999999999999,-1.2937163895523218
5.0,-1.2825859756637992
5.005,-1.2714716987229648
5.01,-1.2603738181531954
5.015,-1.2492925886984048
5.02,-1.2382282604852897
5.025,-1.2271810790847892
5.029999999999999,-1.2161512855727756
5.035,-1.2051391165899026
5.039999999999999,-1.1941448044007879
5.045,-1.1831685769523337
5.05,-1.1722106579313971
5.055,-1.1612712668216427
5.06,-1.1503506189596981
5.0649999999999995,-1.1394489255906364
5.07,-1.1285663939226565
5.074999999999999,-1.1177032271811567
5.08,-1.1068596246620546
5.084999999999999,-1.096035781784484
5.09,-1.0852318901427256
5.095,-1.0744481375575838
5.1,-1.0636847081270568
5.1049999999999995,-1.052941782276323
5.109999999999999,-1.042219536807179
5.115,-1.0315181449467614
5.119999999999999,-1.0208377763956973
5.125,-1.01017859737563
5.13,-0.9995407706761399
5.135,-0.9889244557010493
5.14,-0.9783298085141756
5.145,-0.9677569818844574
5.15,-0.9572061253305462
5.154999999999999,-0.9466773851648229
5.16,-0.9361709045368003
5.164999999999999,-0.9256868234760747
5.17,-0.9152252789346265
5.175,-0.90478640482868
5.18,-0.8943703320799217
5.185,-0.8839771886563343
5.1899999999999995,-0.8736070996123528
5.195,-0.8632601871286276
5.199999999999999,-0.8529365705512886
5.205,-0.8426363664305789
5.209999999999999,-0.8323596885591606
5.215,-0.8221066480098069
5.22,-0.8118773531727368
5.225,-0.801671909792343
5.2299999999999995,-0.7914904210035427
5.234999999999999,-0.7813329873676738
5.24,-0.7711997069078551
5.244999999999999,-0.7610906751439841
5.25,-0.7510059851272444
5.255,-0.7409457274741937
5.26,-0.7309099904004075
5.265,-0.720898859753698
5.27,-0.710912419046926
5.2749999999999995,-0.700950749490378
5.279999999999999,-0.6910139300237419
5.285,-0.6811020373476895
5.289999999999999,-0.6712151459550331
5.295,-0.6613533281615034
5.3,-0.6515166541361364
5.305,-0.641705191931278
5.31,-0.6319190075121885
5.3149999999999995,-0.6221581647863275
5.32,-0.6124227256321602
5.324999999999999,-0.6027127499277549
5.33,-0.593028295578832
5.334999999999999,-0.5833694185466487
5.34,-0.5737361728753734
5.345,-0.564128610719214
5.35,-0.5545467823691466
5.3549999999999995,-0.5449907362793356
5.359999999999999,-0.5354605190932005
5.365,-0.5259561756691804
5.369999999999999,-0.5164777491061359
5.375,-0.5070252807684494
5.379999999999999,-0.49759881031081976
5.385,-0.48819837570269353
5.39,-0.47882401325247503
5.395,-0.4694757576313209
5.3999999999999995,-0.4601536418967358
5.404999999999999,-0.4508576975157732
5.41,-0.4415879543880461
5.414999999999999,-0.43234444086835566
5.42,-0.4231271837890649
5.425,-0.41393620848223067
5.43,-0.4047715388013611
5.435,-0.3956331971430149
5.4399999999999995,-0.38652120446802707
5.445,-0.3774355803225089
5.449999999999999,-0.3683763428585931
5.455,-0.35934350885487776
5.459999999999999,-0.3503370937366679
5.465,-0.34135711159587734
5.47,-0.33240357521078145
5.475,-0.3234764960654277
5.4799999999999995,-0.3145758843688511
5.484999999999999,-0.3057017490740188
5.49,-0.2968540978965857
5.494999999999999,-0.28803293733332325
5.5,-0.27923827268039547
5.504999999999999,-0.27047010805138116
5.51,-0.26172844639502757
5.515,-0.2530132895128414
5.52,-0.2443246380764097
5.5249999999999995,-0.2356624916445076
5.529999999999999,-0.22702684868002776
5.535,-0.21841770656663417
5.539999999999999,-0.20983506162524024
5.545,-0.20127890913028046
5.55,-0.19274924332576826
5.555,-0.18424605744113864
5.56,-0.175769343706893
5.5649999999999995,-0.1673190933700741
5.57,-0.15889529670947966
5.574999999999999,-0.1504979430507798
5.58,-0.14212702078131811
5.584999999999999,-0.13378251736485214
5.59,-0.12546441935599062
5.595,-0.11717271241455296
5.6,-0.10890738131965527
5.6049999999999995,-0.10066840998365878
5.609999999999999,-0.09245578146596323
5.615,-0.08426947798655404
5.619999999999999,-0.07610948093947201
5.625,-0.06797577090600448
5.629999999999999,-0.05986832766781358
5.635,-0.051787130219790534
5.64,-0.04373215678285236
5.645,-0.03570338481649937
5.6499999999999995,-0.027700791031221694
5.654999999999999,-0.019724351400786766
5.66,-0.011774041174321237
5.664999999999999,-0.003849834888288939
5.67,0.004048293621763843
5.675,0.011920371209494629
5.68,0.019766425406334998
5.685,0.027586484410107914
5.6899999999999995,0.03538057707382225
5.694999999999999,0.04314873289464338
5.699999999999999,0.05089098200293618
5.705,0.058607355151548024
5.709999999999999,0.06629788370509138
5.715,0.07396259962952811
5.72,0.0816015354817532
5.725,0.0892147243993695
5.7299999999999995,0.09680220009061236
5.734999999999999,0.10436399682434971
5.74,0.1119001494202625
5.744999999999999,0.11941069323912301
5.75,0.1268956641732215
5.754999999999999,0.13435509863687645
5.76,0.14178903355712857
5.765,0.14919750636447793
5.77,0.15658055498382661
5.7749999999999995,0.16393821782546447
5.779999999999999,0.17127053377621948
5.785,0.17857754219069855
5.789999999999999,0.18585928288265174
5.795,0.19311579611646512
5.799999999999999,0.20034712259871013
5.805,0.20755330346987555
5.81,0.21473438029614011
5.8149999999999995,0.22189039506130603
5.819999999999999,0.2290213901588083
5.824999999999999,0.2361274083838285
5.83,0.24320849292552826
5.834999999999999,0.25026468735935836
5.84,0.257296035639512
5.845,0.2643025820914111
5.85,0.2712843714043538
5.8549999999999995,0.27824144862424194
5.859999999999999,0.2851738591463677
5.865,0.2920816487083415
5.869999999999999,0.2989648633830939
5.875,0.305823549571965
5.879999999999999,0.31265775399788476
5.885,0.31946752369867304
5.89,0.3262529060203634
5.895,0.3330139486106902
5.8999999999999995,0.33975069941261404
5.904999999999999,0.3464632066579425
5.91,0.3531515188610419
5.914999999999999,0.35981568481263126
5.92,0.3664557535736417
5.924999999999999,0.3730717744692016
5.93,0.37966379708264975
5.935,0.38623187124963887
5.9399999999999995,0.3927760470523758
5.944999999999999,0.3992963748138407
5.949999999999999,0.40579290509216914
5.955,0.41226568867505375
5.959999999999999,0.4187147765742627
5.965,0.4251402200201979
5.97,0.4315420704565327
5.975,0.43792037953495333
5.9799999999999995,0.44427519910992275
5.984999999999999,0.4506065812335516
5.99,0.4569145781505186
5.994999999999999,0.4631992422930662
6.0,0.46946062627607055
6.004999999999999,0.47569878289215883
6.01,0.4819137651069252
6.015,0.4881056260541723
6.02,0.4942744190312387
6.0249999999999995,0.5004201974944067
6.029999999999999,0.5065430150543315
6.035,0.5126429254715752
6.039999999999999,0.5187199826521511
6.045,0.5247742406432037
6.049999999999999,0.5308057536286694
6.055,0.5368145759250396
6.06,0.5428007619771809
6.0649999999999995,0.548764366354197
6.069999999999999,0.5547054437453598
6.074999999999999,0.5606240489560979
6.08,0.5665202369040276
6.084999999999999,0.5723940626150439
6.09,0.5782455812194855
6.095,0.5840748479483158
6.1,0.5898819181293886
6.1049999999999995,0.5956668471837556
6.109999999999999,0.6014296906220264
6.115,0.6071705040407549
6.119999999999999,0.6128893431189304
6.125,0.6185862636144759
6.129999999999999,0.6242613213607899
6.135,0.6299145722633719
6.14,0.6355460722964714
6.145,0.6411558774997823
6.1499999999999995,0.6467440439752052
6.154999999999999,0.6523106278836273
6.16,0.6578556854417701
6.164999999999999,0.6633792729190702
6.17,0.6688814466346202
6.174999999999999,0.674362262954115
6.18,0.6798217782869067
6.185,0.6852600490830287
6.1899999999999995,0.6906771318303206
6.194999999999999,0.6960730830515504
6.199999999999999,0.7014479593016248
6.205,0.7068018171647952
6.209999999999999,0.7121347132519263
6.215,0.7174467041978089
6.22,0.7227378466584985
6.225,0.7280081973086995
6.2299999999999995,0.7332578128391831
6.234999999999999,0.7384867499542587
6.239999999999999,0.7436950653692582
6.244999999999999,0.7488828158080737
6.25,0.754050058000731
6.254999999999999,0.7591968486809898
6.26,0.7643232445839897
6.265,0.769429302443923
6.27,0.77451507899175
6.2749999999999995,0.7795806309529465
6.279999999999999,0.78462601504527
6.285,0.7896512879765964
6.289999999999999,0.7946565064427404
6.295,0.7996417271253468
6.299999999999999,0.8046070066898033
6.305,0.8095524017831713
6.31,0.8144779690321765
6.3149999999999995,0.8193837650411931
6.319999999999999,0.8242698463902998
6.324999999999999,0.8291362696333305
6.33,0.833983091295973
6.334999999999999,0.838810367873892
6.34,0.8436181558309002
6.344999999999999,0.8484065115971099
6.35,0.8531754915671687
6.3549999999999995,0.8579251520984855
6.359999999999999,0.8626555495095171
6.364999999999999,0.8673667400780245
6.369999999999999,0.8720587800394338
6.375,0.8767317255851649
6.379999999999999,0.8813856328610019
6.385,0.8860205579655008
6.39,0.8906365569484124
6.395,0.8952336858091408
6.3999999999999995,0.8998120004952032
6.404999999999999,0.9043715569007428
6.41,0.9089124108650641
6.414999999999999,0.9134346181711532
6.42,0.9179382345442753
6.424999999999999,0.9224233156505603
6.43,0.9268899170956351
6.435,0.9313380944232447
6.4399999999999995,0.9357679031139405
6.444999999999999,0.9401793985837491
6.449999999999999,0.9445726361829022
6.455,0.9489476711945489
6.459999999999999,0.9533045588335204
6.465,0.9576433542451009
6.469999999999999,0.9619641125038209
6.475,0.9662668886122804
6.4799999999999995,0.9705517374999829
6.484999999999999,0.9748187140221751
6.489999999999999,0.9790678729587582
6.494999999999999,0.9832992690131525
6.5,0.987512956811234
6.504999999999999,0.9917089909002543
6.51,0.9958874257478039
6.515,1.0000483157407858
6.52,1.0041917151843953
6.5249999999999995,1.008317678301149
6.529999999999999,1.0124262592298914
6.535,1.0165175120248557
6.539999999999999,1.020591490654715
6.545,1.0246482490016746
6.549999999999999,1.0286878408605564
6.555,1.0327103199379233
6.56,1.0367157398512006
6.5649999999999995,1.040704154127835
6.569999999999999,1.0446756162044544
6.574999999999999,1.0486301794260293
6.58,1.0525678970451007
6.584999999999999,1.0564888222209632
6.59,1.0603930080189095
6.594999999999999,1.0642805074094592
6.6,1.068151373267627
6.604999999999999,1.0720056583721806
6.609999999999999,1.0758434154049423
6.615,1.0796646969500774
6.619999999999999,1.083469555493414
6.625,1.0872580434217816
6.629999999999999,1.091030213022328
6.635,1.0947861164819117
6.639999999999999,1.0985258058864327
6.645,1.102249333220254
6.65,1.1059567503655718
6.654999999999999,1.1096481091018373
6.66,1.113323461105176
6.664999999999999,1.116982857947827
6.67,1.1206263510975811
6.674999999999999,1.1242539919172545
6.68,1.127865831664156
6.684999999999999,1.131461921489564
6.6899999999999995,1.135042312438232
6.695,1.1386070554479033
6.699999999999999,1.1421562013488027
6.705,1.1456898008632042
6.709999999999999,1.1492079046049515
6.715,1.1527105630790113
6.719999999999999,1.1561978266810518
6.725,1.1596697456970049
6.729999999999999,1.1631263703026509
6.734999999999999,1.1665677505632337
6.74,1.1699939364330458
6.744999999999999,1.1734049777550581
6.75,1.1768009242605486
6.754999999999999,1.1801818255687266
6.76,1.1835477311864024
6.764999999999999,1.186898690507621
6.77,1.1902347528133435
6.774999999999999,1.1935559672711207
6.779999999999999,1.196862382934773
6.785,1.2001540487440954
6.789999999999999,1.203431013524548
6.795,1.2066933259869856
6.799999999999999,1.2099410347273603
6.805,1.2131741882264717
6.809999999999999,1.2163928348496889
6.8149999999999995,1.2195970228467046
6.82,1.2227868003513
6.824999999999999,1.2259622153810974
6.83,1.2291233158373305
6.834999999999999,1.2322701495046382
6.84,1.23540276405084
6.844999999999999,1.2385212070267388
6.85,1.2416255258659339
6.854999999999999,1.2447157678846024
6.859999999999999,1.2477919802813542
6.865,1.250854210137039
6.869999999999999,1.253902504414579
6.875,1.2569369099588252
6.879999999999999,1.2599574734963803
6.885,1.2629642416354814
6.889999999999999,1.2659572608658447
6.895,1.2689365775585366
6.899999999999999,1.2719022379658549
6.904999999999999,1.274854288221206
6.91,1.277792774338994
6.914999999999999,1.2807177422145224
6.92,1.283629237623884
6.924999999999999,1.2865273062238802
6.93,1.2894119935519304
6.934999999999999,1.2922833450259819
6.9399999999999995,1.2951414059444584
6.945,1.2979862214861742
6.949999999999999,1.3008178367102738
6.955,1.3036362965561799
6.959999999999999,1.306441645843545
6.965,1.3092339292722006
6.969999999999999,1.3120131914221158
6.975,1.3147794767533736
6.979999999999999,1.3175328296061273
6.984999999999999,1.3202732942005877
6.99,1.3230009146370045
6.994999999999999,1.325715734895643
7.0,1.3284177988367878
7.004999999999999,1.3311071502007306
7.01,1.3337838326077764
7.014999999999999,1.3364478895582508
7.02,1.3390993644325042
7.024999999999999,1.341738300490937
7.029999999999999,1.3443647408740123
7.035,1.3469787286022838
7.039999999999999,1.3495803065764227
7.045,1.3521695175772617
7.049999999999999,1.3547464042658175
7.055,1.3573110091833451
7.059999999999999,1.3598633747513749
7.0649999999999995,1.3624035432717727
7.07,1.3649315569267964
7.074999999999999,1.367447457779135
7.08,1.369951287772
7.084999999999999,1.3724430887291663
7.09,1.3749229023550633
7.094999999999999,1.3773907702348298
7.1,1.3798467338344143
7.104999999999999,1.382290834500636
7.109999999999999,1.3847231134612812
7.115,1.3871436118251912
7.119999999999999,1.3895523705823496
7.125,1.391949430603987
7.129999999999999,1.3943348326426686
7.135,1.3967086173324132
7.139999999999999,1.3990708251887776
7.145,1.4014214966089822
7.149999999999999,1.40376067187202
7.154999999999999,1.4060883911387703
7.16,1.4084046944521111
7.164999999999999,1.4107096217370452
7.17,1.4130032128008403
7.174999999999999,1.4152855073331256
7.18,1.417556544906043
7.184999999999999,1.4198163649743785
7.1899999999999995,1.4220650068756955
7.1949999999999985,1.4243025098304622
7.199999999999999,1.4265289129422178
7.205,1.4287442551976908
7.209999999999999,1.4309485754669644
7.215,1.433141912503611
7.219999999999999,1.4353243049448539
7.225,1.4374957913117206
7.229999999999999,1.439656410009194
7.234999999999999,1.4418061993263696
7.24,1.443945197436632
7.244999999999999,1.4460734423977948
7.25,1.4481909721522892
7.254999999999999,1.45029782452732
7.26,1.452394037235032
7.264999999999999,1.4544796478726922
7.27,1.4565546939228637
7.274999999999999,1.4586192127535673
7.279999999999999,1.460673241618487
7.285,1.4627168176571241
7.289999999999999,1.4647499778949895
7.295,1.4667727592437994
7.299999999999999,1.4687851985016378
7.305,1.47078733235317
7.309999999999999,1.4727791973698128
7.3149999999999995,1.4747608300099428
7.3199999999999985,1.4767322666190728
7.324999999999999,1.4786935434300588
7.33,1.4806446965632922
7.334999999999999,1.482585762026907
7.34,1.4845167757169673
7.344999999999999,1.486437773417669
7.35,1.4883487908015656
7.354999999999999,1.4902498634297359
7.359999999999999,1.49214102675203
7.365,1.4940223161072423
7.369999999999999,1.4958937667233447
7.375,1.4977554137176905
7.379999999999999,1.499607292097218
7.385,1.501449436758676
7.389999999999999,1.5032818824888323
7.395,1.505104663964687
7.399999999999999,1.5069178157537015
7.404999999999999,1.5087213723140016
7.41,1.510515367994606
7.414999999999999,1.512299837035648
7.42,1.5140748135685944
7.424999999999999,1.515840331616467
7.43,1.5175964250940737
7.434999999999999,1.5193431278082237
7.4399999999999995,1.5210804734579693
7.4449999999999985,1.5228084956348145
7.449999999999999,1.5245272278229558
7.455,1.526236703399512
7.459999999999999,1.5279369556347424
7.465,1.529628017692299
7.469999999999999,1.5313099226294389
7.475,1.5329827033972672
7.479999999999999,1.534646392840964
7.484999999999999,1.5363010237000367
7.49,1.53794662860853
7.494999999999999,1.5395832400952834
7.5,1.5412108905841568
7.504999999999999,1.5428296123942764
7.51,1.5444394377402644
7.514999999999999,1.546040398732487
7.52,1.5476325273772908
7.524999999999999,1.5492158555772415
7.529999999999999,1.5507904151313727
7.535,1.552356237735416
7.539999999999999,1.553913354982058
7.545,1.5554617983611734
7.549999999999999,1.55700159926007
7.555,1.5585327889637384
7.559999999999999,1.5600553986550942
7.5649999999999995,1.561569459415225
7.5699999999999985,1.5630750022236264
7.574999999999999,1.5645720579584694
7.58,1.5660606573968243
7.584999999999999,1.5675408312149268
7.59,1.5690126099884147
7.594999999999999,1.5704760241925784
7.6,1.5719311042026167
7.604999999999999,1.5733778802938758
7.609999999999999,1.5748163826421058
7.614999999999998,1.5762466413237055
7.619999999999999,1.5776686863159817
7.625,1.5790825474973873
7.629999999999999,1.5804882546477839
7.635,1.5818858374486833
7.639999999999999,1.583275325483506
7.645,1.5846567482378346
7.649999999999999,1.5860301350996528
7.654999999999999,1.5873955153596169
7.66,1.5887529182112898
7.664999999999999,1.5901023727514083
7.67,1.5914439079801277
7.674999999999999,1.5927775528012766
7.68,1.5941033360226116
7.684999999999999,1.5954212863560713
7.6899999999999995,1.5967314324180282
7.6949999999999985,1.5980338027295424
7.699999999999999,1.5993284257166178
7.705,1.6006153297104542
7.709999999999999,1.6018945429476972
7.715,1.603166093570706
7.719999999999999,1.6044300096277926
7.725,1.605686319073486
7.729999999999999,1.6069350497687762
7.734999999999999,1.608176229481387
7.739999999999998,1.6094098858860102
7.744999999999999,1.6106360465645706
7.75,1.6118547390064821
7.754999999999999,1.613065990608896
7.76,1.614269828676963
7.764999999999999,1.6154662804240782
7.77,1.6166553729721467
7.774999999999999,1.617837133351828
7.779999999999999,1.6190115885027971
7.785,1.6201787652739965
7.789999999999999,1.6213386904238902
7.795,1.6224913906207192
7.799999999999999,1.6236368924427553
7.805,1.6247752223785554
7.809999999999999,1.6259064068272109
7.8149999999999995,1.6270304720986108
7.8199999999999985,1.6281474444136859
7.824999999999999,1.6292573499046719
7.83,1.6303602146153535
7.834999999999999,1.631456064501324
7.84,1.6325449254302347
7.844999999999999,1.6336268231820517
7.85,1.6347017834493076
7.854999999999999,1.6357698318373481
7.859999999999999,1.6368309938645984
7.864999999999998,1.6378852949627996
7.869999999999999,1.6389327604772728
7.875,1.6399734156671606
7.879999999999999,1.641007285705691
7.885,1.6420343956804184
7.889999999999999,1.6430547705934797
7.895,1.6440684353618493
7.899999999999999,1.6450754148175755
7.904999999999999,1.646075733708047
7.91,1.647069416696237
7.914999999999999,1.6480564883609505
7.92,1.6490369731970782
7.924999999999999,1.6500108956158408
7.93,1.6509782799450485
7.934999999999999,1.6519391504293373
7.9399999999999995,1.6528935312304236
7.9449999999999985,1.653841446427356
7.949999999999999,1.6547829200167556
7.955,1.6557179759130713
7.959999999999999,1.656646637948821
7.965,1.6575689298748446
7.969999999999999,1.658484875360541
7.975,1.659394497994129
7.979999999999999,1.6602978212828792
7.984999999999999,1.6611948686533702
7.989999999999998,1.6620856634517271
7.994999999999999,1.6629702289438706
8.0,1.6638485883157599
8.004999999999999,1.6647207646736364
8.01,1.6655867810442688
8.014999999999999,1.6664466603752013
8.02,1.6673004255349841
8.024999999999999,1.6681480993134328
8.03,1.6689897044218558
8.035,1.6698252634933042
8.04,1.6706547990828184
8.045,1.6714783336676533
8.049999999999999,1.672295889647538
8.055,1.6731074893449032
8.059999999999999,1.673913155005125
8.065,1.6747129087967692
8.069999999999999,1.6755067728118234
8.075,1.6762947690659404
8.08,1.6770769194986732
8.084999999999999,1.677853245973717
8.09,1.6786237702791453
8.094999999999999,1.679388514127648
8.1,1.6801474991567609
8.104999999999999,1.6809007469291146
8.11,1.6816482789326614
8.114999999999998,1.68239011658091
8.12,1.6831262812131684
8.125,1.6838567940947686
8.129999999999999,1.6845816764173072
8.135,1.685300949298881
8.139999999999999,1.6860146337843118
8.145,1.686722750845383
8.149999999999999,1.687425321381076
8.155,1.6881223662177958
8.159999999999998,1.6888139061096057
8.165,1.6894999617384603
8.17,1.6901805537144274
8.174999999999999,1.690855702575924
8.18,1.6915254287899486
8.184999999999999,1.6921897527523038
8.19,1.6928486947878316
8.194999999999999,1.6935022751506277
8.2,1.6941505140242874
8.205,1.694793431522121
8.209999999999999,1.6954310476873768
8.215,1.6960633824934805
8.219999999999999,1.6966904558442524
8.225,1.6973122875741282
8.229999999999999,1.6979288974483893
8.235,1.6985403051633923
8.239999999999998,1.6991465303467757
8.245,1.6997475925577015
8.25,1.7003435112870642
8.254999999999999,1.7009343059577209
8.26,1.701519995924708
8.264999999999999,1.7021006004754629
8.27,1.7026761388300458
8.274999999999999,1.703246630141361
8.28,1.7038120934953707
8.284999999999998,1.704372547911319
8.29,1.7049280123419475
8.295,1.7054785056737207
8.299999999999999,1.7060240467270236
8.305,1.7065646542564052
8.309999999999999,1.707100346950773
8.315,1.7076311434336169
8.319999999999999,1.7081570622632323
8.325,1.7086781219329161
8.33,1.7091943408712011
8.334999999999999,1.7097057374420557
8.34,1.710212329945096
8.344999999999999,1.7107141366158145
8.35,1.7112111756257744
8.354999999999999,1.7117034650828309
8.36,1.7121910230313364
8.364999999999998,1.7126738674523574
8.37,1.7131520162638785
8.375,1.7136254873210135
8.379999999999999,1.7140942984162164
8.385,1.7145584672794894
8.389999999999999,1.7150180115785814
8.395,1.7154729489192166
8.399999999999999,1.715923296845275
8.405,1.7163690728390173
8.409999999999998,1.716810294321281
8.415,1.7172469786516946
8.42,1.7176791431288692
8.424999999999999,1.7181068049906134
8.43,1.7185299814141328
8.434999999999999,1.718948689516233
8.44,1.7193629463535172
8.444999999999999,1.719772768922601
8.45,1.7201781741602966
8.455,1.7205791789438303
8.459999999999999,1.7209758000910276
8.465,1.721368054360522
8.469999999999999,1.7217559584519537
8.475,1.7221395290061638
8.479999999999999,1.722518782605397
8.485,1.7228937357734948
8.489999999999998,1.7232644049760946
8.495,1.7236308066208264
8.5,1.7239929570575079
8.504999999999999,1.7243508725783379
8.51,1.7247045694181007
8.514999999999999,1.7250540637543383
8.52,1.7253993717075748
8.524999999999999,1.725740509341478
8.53,1.7260774926630789
8.534999999999998,1.7264103376229443
8.54,1.7267390601153783
8.545,1.7270636759786107
8.549999999999999,1.7273842009949865
8.555,1.7277006508911574
8.559999999999999,1.7280130413382675
8.565,1.7283213879521488
8.569999999999999,1.7286257062935038
8.575,1.7289260118680942
8.579999999999998,1.729222320126928
8.584999999999999,1.7295146464664448
8.59,1.729803006228709
8.594999999999999,1.7300874147015868
8.6,1.73036788711893
8.604999999999999,1.730644438660774
8.61,1.7309170844535025
8.614999999999998,1.7311858395700483
8.62,1.7314507190300659
8.625,1.7317117378001128
8.629999999999999,1.7319689107938399
8.635,1.7322222528721631
8.639999999999999,1.7324717788434534
8.645,1.7327175034637057
8.649999999999999,1.7329594414367293
8.655,1.7331976074143207
8.659999999999998,1.7334320159964445
8.665,1.7336626817314071
8.67,1.7338896191160422
8.674999999999999,1.7341128425958803
8.68,1.7343323665653263
8.684999999999999,1.7345482053678425
8.69,1.7347603732961105
8.694999999999999,1.7349688845922209
8.7,1.7351737534478353
8.704999999999998,1.7353749940043675
8.709999999999999,1.7355726203531514
8.715,1.7357666465356205
8.719999999999999,1.7359570865434721
8.725,1.736143954318847
8.729999999999999,1.7363272637544926
8.735,1.73650702869394
8.739999999999998,1.736683262931665
8.745,1.7368559802132741
8.75,1.7370251942356556
8.754999999999999,1.737190918647156
8.76,1.7373531670477507
8.764999999999999,1.7375119529892074
8.77,1.73766728997525
8.774999999999999,1.737819191461737
8.78,1.7379676708568106
8.784999999999998,1.7381127415210753
8.79,1.7382544167677563
8.795,1.7383927098628666
8.799999999999999,1.7385276340253706
8.805,1.7386592024273442
8.809999999999999,1.7387874281941418
8.815,1.738912324404554
8.819999999999999,1.7390339040909764
8.825,1.739152180239562
8.829999999999998,1.7392671657903866
8.834999999999999,1.7393788736376132
8.84,1.739487316629642
8.844999999999999,1.7395925075692802
8.85,1.739694459213888
8.854999999999999,1.7397931842755499
8.86,1.7398886954212267
8.864999999999998,1.7399810052729088
8.87,1.7400701264077771
8.875,1.7401560713583633
8.879999999999999,1.740238852612696
8.885,1.7403184826144618
8.889999999999999,1.740394973763161
8.895,1.7404683384142603
8.899999999999999,1.740538588879341
8.905,1.7406057374262622
8.909999999999998,1.740669796279306
8.915,1.7407307776193337
8.92,1.7407886935839352
8.924999999999999,1.7408435562675788
8.93,1.7408953777217695
8.934999999999999,1.7409441699551884
8.94,1.7409899449338497
8.944999999999999,1.741032714581251
8.95,1.7410724907785138
8.954999999999998,1.741109285364542
8.959999999999999,1.741143110136163
8.965,1.741173976848277
8.969999999999999,1.7412018972140024
8.975,1.7412268829048267
8.979999999999999,1.7412489455507472
8.985,1.741268096740418
8.989999999999998,1.7412843480212976
8.995,1.7412977108997887
8.999999999999998,1.7413081968413862
9.004999999999999,1.7413158172708194
9.01,1.7413205835721925
9.014999999999999,1.7413225070891305
9.02,1.7413215991249222
9.024999999999999,1.741317870942659
9.03,1.741311333765372
9.034999999999998,1.741301998776184
9.04,1.7412898771184426
9.045,1.7412749798958551
9.049999999999999,1.7412573181726407
9.055,1.7412369029736543
9.059999999999999,1.7412137452845382
9.065,1.7411878560518534
9.069999999999999,1.7411592461832175
9.075,1.7411279265474369
9.079999999999998,1.741093907974659
9.084999999999999,1.7410572012564882
9.09,1.7410178171461343
9.094999999999999,1.7409757663585492
9.1,1.7409310595705494
9.104999999999999,1.74088370742096
9.11,1.7408337205107494
9.114999999999998,1.7407811094031571
9.12,1.7407258846238274
9.124999999999998,1.7406680566609485
9.129999999999999,1.7406076359653742
9.135,1.7405446329507621
9.139999999999999,1.7404790579937042
9.145,1.740410921433858
9.149999999999999,1.7403402335740739
9.155,1.7402670046805233
9.159999999999998,1.7401912449828398
9.165,1.74011296467423
9.17,1.7400321739116194
9.174999999999999,1.739948882815766
9.18,1.7398631014714017
9.184999999999999,1.7397748399273456
9.19,1.7396841081966428
9.194999999999999,1.7395909162566798
9.2,1.7394952740493217
9.204999999999998,1.7393971914810284
9.209999999999999,1.7392966784229837
9.215,1.7391937447112222
9.219999999999999,1.739088400146748
9.225,1.73898065449566
9.229999999999999,1.7388705174892791
9.235,1.7387579988242694
9.239999999999998,1.7386431081627542
9.245,1.7385258551324498
9.249999999999998,1.7384062493267793
9.254999999999999,1.738284300304994
9.26,1.7381600175922955
9.264999999999999,1.7380334106799593
9.27,1.737904489025449
9.274999999999999,1.7377732620525397
9.28,1.7376397391514369
9.284999999999998,1.7375039296788957
9.29,1.7373658429583336
9.295,1.7372254882799598
9.299999999999999,1.7370828749008793
9.305,1.736938012045222
9.309999999999999,1.7367909089042486
9.315,1.7366415746364792
9.319999999999999,1.7364900183677974
9.325,1.736336249191571
9.329999999999998,1.7361802761687697
9.334999999999999,1.7360221083280776
9.34,1.7358617546660036
9.344999999999999,1.7356992241470013
9.35,1.7355345257035801
9.354999999999999,1.7353676682364199
9.36,1.7351986606144778
9.364999999999998,1.735027511675108
9.37,1.7348542302241745
9.374999999999998,1.7346788250361511
9.379999999999999,1.7345013048542473
9.385,1.7343216783905084
9.389999999999999,1.7341399543259337
9.395,1.7339561413105793
9.399999999999999,1.7337702479636738
9.405,1.7335822828737224
9.409999999999998,1.7333922545986218
9.415,1.7332001716657608
9.42,1.7330060425721392
9.424999999999999,1.7328098757844643
9.43,1.7326116797392668
9.434999999999999,1.732411462843002
9.44,1.732209233472161
9.444999999999999,1.7320049999733726
9.45,1.7317987706635143
9.454999999999998,1.731590553829813
9.459999999999999,1.7313803577299531
9.465,1.73116819059218
9.469999999999999,1.7309540606154055
9.475,1.7307379759693124
9.479999999999999,1.730519944794454
9.485,1.7302999752023631
9.489999999999998,1.730078075275653
9.495,1.7298542530681194
9.499999999999998,1.7296285166048384
9.504999999999999,1.7294008738822804
9.51,1.729171332868397
9.514999999999999,1.7289399015027354
9.52,1.728706587696529
9.524999999999999,1.7284713993328038
9.53,1.728234344266475
9.534999999999998,1.727995430324453
9.54,1.7277546653057305
9.544999999999998,1.7275120569814977
9.549999999999999,1.7272676130952278
9.555,1.7270213413627815
9.559999999999999,1.7267732494725039
9.565,1.7265233450853235
9.569999999999999,1.7262716358348447
9.575,1.726018129327451
9.579999999999998,1.7257628331423998
9.584999999999999,1.7255057548319144
9.59,1.7252469019212853
9.594999999999999,1.7249862819089643
9.6,1.7247239022666594
9.604999999999999,1.7244597704394293
9.61,1.7241938938457788
9.614999999999998,1.7239262798777517
9.62,1.7236569359010279
9.624999999999998,1.723385869255011
9.629999999999999,1.723113087252932
9.635,1.7228385971819287
9.639999999999999,1.7225624063031515
9.645,1.7222845218518463
9.649999999999999,1.7220049510374504
9.655,1.7217237010436834
9.659999999999998,1.7214407790286388
9.665,1.721156192124878
9.669999999999998,1.7208699474395106
9.674999999999999,1.7205820520542996
9.68,1.7202925130257387
9.684999999999999,1.7200013373851526
9.69,1.7197085321387746
9.694999999999999,1.7194141042678457
9.7,1.7191180607287007
9.704999999999998,1.718820408452854
9.709999999999999,1.7185211543470886
9.715,1.7182203052935454
9.719999999999999,1.717917868149813
9.725,1.7176138497490074
9.729999999999999,1.7173082568998665
9.735,1.7170010963868334
9.739999999999998,1.7166923749701404
9.745,1.7163820993858998
9.749999999999998,1.7160702763461884
9.754999999999999,1.7157569125391292
9.76,1.7154420146289788
9.764999999999999,1.7151255892562147
9.77,1.7148076430376158
9.774999999999999,1.714488182566348
9.78,1.7141672144120463
9.784999999999998,1.7138447451209056
9.79,1.7135207812157536
9.794999999999998,1.7131953291961404
9.799999999999999,1.7128683955384185
9.805,1.7125399866958286
9.809999999999999,1.712210109098576
9.815,1.711878769153916
9.819999999999999,1.711545973246237
9.825,1.7112117277371397
9.829999999999998,1.7108760389655144
9.834999999999999,1.7105389132476283
9.84,1.7102003568772004
9.844999999999999,1.7098603761254862
9.85,1.7095189772413535
9.854999999999999,1.7091761664513634
9.86,1.7088319499598499
9.864999999999998,1.708486333948998
9.87,1.708139324578923
9.874999999999998,1.7077909279877472
9.879999999999999,1.7074411502916813
9.885,1.7070899975850984
9.889999999999999,1.7067374759406155
9.895,1.7063835914091645
9.899999999999999,1.7060283500200784
9.905,1.7056717577811573
9.909999999999998,1.7053138206787533
9.915,1.7049545446778431
9.919999999999998,1.7045939357221032
9.924999999999999,1.704231999733987
9.93,1.7038687426147996
9.934999999999999,1.703504170244775
9.94,1.703138288483143
9.944999999999999,1.7027711031682156
9.95,1.70240262011745
9.954999999999998,1.7020328451275313
9.959999999999999,1.7016617839744412
9.964999999999998,1.7012894424135323
9.969999999999999,1.7009158261796007
9.975,1.7005409409869618
9.979999999999999,1.7001647925295196
9.985,1.699787386480843
9.989999999999998,1.6994087284942314
9.995,1.699028824202793
9.999999999999998,1.6986476792195138
10.004999999999999,1.6982652991373317
10.01,1.697881689529197
10.014999999999999,1.6974968559481616
10.02,1.6971108039274307
10.024999999999999,1.696723538980447
10.03,1.6963350666009538
10.034999999999998,1.6959453922630658
10.04,1.6955545214213408
10.044999999999998,1.695162459510846
10.049999999999999,1.69476921194723
10.055,1.6943747841267902
10.059999999999999,1.6939791814265395
10.065,1.6935824092042797
10.069999999999999,1.6931844727986651
10.075,1.69278537752927
10.079999999999998,1.6923851286966616
10.084999999999999,1.691983731582461
10.089999999999998,1.6915811914494139
10.094999999999999,1.6911775135414584
10.1,1.690772703083786
10.104999999999999,1.690366765282915
10.11,1.6899597053267539
10.114999999999998,1.6895515283846663
10.12,1.6891422396075353
10.124999999999998,1.688731844127834
10.129999999999999,1.688320347059684
10.135,1.6879077534989293
10.139999999999999,1.6874940685231907
10.145,1.6870792971919377
10.149999999999999,1.68666344454655
10.155,1.6862465156103827
10.159999999999998,1.6858285153888268
10.165,1.68540944886938
10.169999999999998,1.6849893210217
10.174999999999999,1.6845681367976768
10.18,1.6841459011314905
10.184999999999999,1.6837226189396748
10.19,1.6832982951211835
10.194999999999999,1.6828729345574425
10.2,1.6824465421124237
10.204999999999998,1.6820191226327021
10.209999999999999,1.6815906809475114
10.214999999999998,1.6811612218688154
10.219999999999999,1.6807307501913644
10.225,1.6802992706927533
10.229999999999999,1.6798667881334879
10.235,1.67943330725704
10.239999999999998,1.6789988327899126
10.245,1.6785633694416948
10.249999999999998,1.6781269219051282
10.254999999999999,1.6776894948561565
10.26,1.6772510929539977
10.264999999999999,1.6768117208411937
10.27,1.6763713831436688
10.274999999999999,1.675930084470797
10.28,1.675487829415451
10.284999999999998,1.6750446225540685
10.29,1.6746004684467022
10.294999999999998,1.6741553716370863
10.299999999999999,1.6737093366526852
10.305,1.673262368004761
10.309999999999999,1.6728144701884204
10.315,1.6723656476826787
10.319999999999999,1.6719159049505172
10.325,1.6714652464389326
10.329999999999998,1.671013676579001
10.334999999999999,1.6705611997859318
10.339999999999998,1.670107820459122
10.344999999999999,1.6696535429822128
10.35,1.6691983717231458
10.354999999999999,1.6687423110342219
10.36,1.6682853652521488
10.364999999999998,1.667827538698101
10.37,1.6673688356777734
10.374999999999998,1.66690926048144
10.379999999999999,1.6664488173840004
10.385,1.6659875106450412
10.389999999999999,1.6655253445088856
10.395,1.665062323204649
10.399999999999999,1.6645984509462948
10.405,1.66413373193268
10.409999999999998,1.663668170347622
10.415,1.6632017703599367
10.419999999999998,1.6627345361235022
10.424999999999999,1.6622664717773075
10.43,1.6617975814455048
10.434999999999999,1.661327869237461
10.44,1.6608573392478125
10.444999999999999,1.6603859955565163
10.45,1.659913842228898
10.454999999999998,1.6594408833157126
10.459999999999999,1.6589671228531842
10.464999999999998,1.658492564863064
10.469999999999999,1.6580172133526823
10.475,1.657541072314996
10.479999999999999,1.6570641457286397
10.485,1.6565864375579775
10.489999999999998,1.6561079517531534
10.495,1.6556286922501393
10.499999999999998,1.6551486629707894
10.504999999999999,1.6546678678228812
10.509999999999998,1.6541863107001766
10.514999999999999,1.6537039954824608
10.52,1.6532209260356
10.524999999999999,1.6527371062115828
10.53,1.6522525398485772
10.534999999999998,1.651767230770971
10.54,1.6512811827894238
10.544999999999998,1.65079439970092
10.549999999999999,1.6503068852888085
10.555,1.6498186433228574
10.559999999999999,1.649329677559297
10.565,1.648839991740871
10.569999999999999,1.648349589596883
10.575,1.6478584748432414
10.579999999999998,1.647366651182511
10.584999999999999,1.6468741223039551
10.589999999999998,1.6463808918835876
10.594999999999999,1.6458869635842135
10.6,1.6453923410554796
10.604999999999999,1.6448970279339208
10.609999999999998,1.6444010278430041
10.614999999999998,1.6439043443931758
10.62,1.6434069811819063
10.624999999999998,1.6429089417937366
10.629999999999999,1.6424102298003231
10.634999999999998,1.6419108487604865
10.639999999999999,1.6414108022202496
10.644999999999998,1.6409100937128882
10.649999999999999,1.6404087267589746
10.654999999999998,1.639906704866422
10.659999999999998,1.6394040315305256
10.665,1.6389007102340147
10.669999999999998,1.6383967444470888
10.674999999999999,1.6378921376274653
10.679999999999998,1.6373868932204256
10.684999999999999,1.636881014658854
10.689999999999998,1.6363745053632825
10.694999999999999,1.6358673687419376
10.7,1.6353596081907802
10.704999999999998,1.6348512270935482
10.709999999999999,1.6343422288218012
10.714999999999998,1.633832616734965
10.719999999999999,1.6333223941803683
10.724999999999998,1.6328115644932908
10.729999999999999,1.632300130997003
10.734999999999998,1.6317880970028096
10.739999999999998,1.6312754658100892
10.745,1.6307622407063385
10.749999999999998,1.6302484249672118
10.754999999999999,1.6297340218565661
10.759999999999998,1.6292190346264974
10.764999999999999,1.6287034665173878
10.769999999999998,1.6281873207579407
10.774999999999999,1.6276706005652257
10.779999999999998,1.627153309144718
10.784999999999998,1.6266354496903401
10.79,1.6261170253844996
10.794999999999998,1.6255980393981329
10.799999999999999,1.625078494890743
10.804999999999998,1.6245583950104427
10.809999999999999,1.6240377428939887
10.814999999999998,1.6235165416668271
10.819999999999999,1.6229947944431309
10.824999999999998,1.6224725043258383
10.829999999999998,1.621949674406695
10.834999999999999,1.6214263077662903
10.839999999999998,1.6209024074740972
10.844999999999999,1.620377976588513
10.849999999999998,1.6198530181568949
10.854999999999999,1.6193275352156025
10.859999999999998,1.6188015307900316
10.864999999999998,1.6182750078946588
10.87,1.6177479695330723
10.874999999999998,1.6172204186980161
10.879999999999999,1.6166923583714254
10.884999999999998,1.6161637915244647
10.889999999999999,1.615634721117565
10.894999999999998,1.6151051501004614
10.899999999999999,1.6145750814122322
10.904999999999998,1.614044517981335
10.909999999999998,1.613513462725642
10.915,1.6129819185524799
10.919999999999998,1.6124498883586658
10.924999999999999,1.6119173750305449
10.929999999999998,1.6113843814440223
10.934999999999999,1.6108509104646078
10.939999999999998,1.6103169649474445
10.944999999999999,1.609782547737349
10.949999999999998,1.609247661668848
10.954999999999998,1.60871230956621
10.959999999999999,1.6081764942434862
10.964999999999998,1.6076402185045457
10.969999999999999,1.6071034851431054
10.974999999999998,1.6065662969427712
10.979999999999999,1.606028656677073
10.984999999999998,1.605490567109498
10.989999999999998,1.604952030993524
10.995,1.6044130510726595
10.999999999999998,1.6038736300804748
11.004999999999999,1.6033337707406359
11.009999999999998,1.6027934757669429
11.014999999999999,1.6022527478633615
11.019999999999998,1.6017115897240575
11.024999999999999,1.601170004033432
11.029999999999998,1.6006279934661554
11.034999999999998,1.6000855606872002
11.04,1.5995427083518767
11.044999999999998,1.5989994391058655
11.049999999999999,1.5984557555852492
11.054999999999998,1.5979116604165495
11.059999999999999,1.5973671562167615
11.064999999999998,1.5968222455933787
11.069999999999999,1.596276931144437
11.074999999999998,1.5957312154585404
11.079999999999998,1.595185101114894
11.084999999999999,1.594638590683343
11.089999999999998,1.594091686724398
11.094999999999999,1.5935443917892718
11.099999999999998,1.5929967084199097
11.104999999999999,1.5924486391490236
11.109999999999998,1.5919001865001223
11.114999999999998,1.5913513529875456
11.12,1.590802141116495
11.124999999999998,1.590252553383065
11.129999999999999,1.5897025922742758
11.134999999999998,1.5891522602681059
11.139999999999999,1.5886015598335204
11.144999999999998,1.5880504934305049
11.149999999999999,1.5874990635100967
11.154999999999998,1.5869472725144156
11.159999999999998,1.586395122876694
11.165,1.5858426170213087
11.169999999999998,1.585289757363813
11.174999999999999,1.5847365463109635
11.179999999999998,1.5841829862607566
11.184999999999999,1.583629079602452
11.189999999999998,1.5830748287166085
11.194999999999999,1.5825202359751138
11.199999999999998,1.5819653037412118
11.204999999999998,1.5814100343695336
11.209999999999999,1.5808544302061298
11.214999999999998,1.580298493588498
11.219999999999999,1.5797422268456116
11.224999999999998,1.579185632297955
11.229999999999999,1.5786287122575446
11.234999999999998,1.5780714690279656
11.239999999999998,1.5775139049043974
11.244999999999997,1.5769560221736447
11.249999999999998,1.5763978231141647
11.254999999999999,1.575839309996097
11.259999999999998,1.5752804850812951
11.264999999999999,1.5747213506233506
11.269999999999998,1.5741619088676249
11.274999999999999,1.573602162051276
11.279999999999998,1.5730421124032898
11.284999999999998,1.5724817621445049
11.29,1.5719211134876439
11.294999999999998,1.57136016863734
11.299999999999999,1.5707989297901657
11.304999999999998,1.5702373991346597
11.309999999999999,1.5696755788513557
11.314999999999998,1.5691134711128123
11.319999999999999,1.5685510780836358
11.324999999999998,1.5679884019205101
11.329999999999998,1.567425444772228
11.334999999999999,1.5668622087797133
11.339999999999998,1.5662986960760485
11.344999999999999,1.5657349087865058
11.349999999999998,1.5651708490285707
11.354999999999999,1.5646065189119702
11.359999999999998,1.5640419205387013
11.364999999999998,1.5634770560030529
11.369999999999997,1.562911927391638
11.374999999999998,1.5623465367834204
11.379999999999999,1.5617808862497342
11.384999999999998,1.5612149778543185
11.389999999999999,1.5606488136533399
11.394999999999998,1.5600823956954173
11.399999999999999,1.5595157260216503
11.404999999999998,1.558948806665648
11.409999999999998,1.5583816396535484
11.415,1.557814227004048
11.419999999999998,1.5572465707284298
11.424999999999999,1.556678672830582
11.429999999999998,1.5561105353070337
11.434999999999999,1.55554216014697
11.439999999999998,1.5549735493322645
11.444999999999999,1.5544047048375023
11.449999999999998,1.5538356286300055
11.454999999999998,1.553266322669856
11.459999999999999,1.5526967889099248
11.464999999999998,1.5521270292958949
11.469999999999999,1.5515570457662862
11.474999999999998,1.5509868402524782
11.479999999999999,1.5504164146787387
11.484999999999998,1.5498457709622466
11.489999999999998,1.5492749110131152
11.494999999999997,1.5487038367344184
11.499999999999998,1.5481325500222134
11.504999999999999,1.547561052765569
11.509999999999998,1.546989346846583
11.514999999999999,1.5464174341404127
11.519999999999998,1.5458453165152954
11.524999999999999,1.5452729958325717
11.529999999999998,1.5447004739467143
11.534999999999998,1.5441277527053452
11.54,1.5435548339492642
11.544999999999998,1.5429817195124707
11.549999999999999,1.5424084112221872
11.554999999999998,1.5418349108988816
11.559999999999999,1.5412612203562943
11.564999999999998,1.540687341401456
11.569999999999999,1.540113275834716
11.574999999999998,1.5395390254497627
11.579999999999998,1.5389645920336466
11.584999999999999,1.5383899773668042
11.589999999999998,1.5378151832230802
11.594999999999999,1.537240211369749
11.599999999999998,1.5366650635675418
11.604999999999999,1.5360897415706634
11.609999999999998,1.535514247126819
11.614999999999998,1.5349385819772345
11.619999999999997,1.5343627478566806
11.624999999999998,1.5337867464934916
11.629999999999999,1.533210579609594
11.634999999999998,1.5326342489205207
11.639999999999999,1.532057756135441
11.644999999999998,1.5314811029571738
11.649999999999999,1.5309042910822197
11.654999999999998,1.5303273222007734
11.659999999999998,1.5297501979967507
11.665,1.5291729201478101
11.669999999999998,1.5285954903253722
11.674999999999999,1.5280179101946432
11.679999999999998,1.5274401814146332
11.684999999999999,1.5268623056381834
11.689999999999998,1.5262842845119797
11.694999999999999,1.525706119676582
11.699999999999998,1.5251278127664387
11.704999999999998,1.5245493654099105
11.709999999999999,1.523970779229294
11.714999999999998,1.5233920558408363
11.719999999999999,1.5228131968547622
11.724999999999998,1.52223420387529
11.729999999999999,1.521655078500657
11.734999999999998,1.5210758223231353
11.739999999999998,1.5204964369290563
11.744999999999997,1.5199169238988288
11.749999999999998,1.5193372848069586
11.754999999999999,1.5187575212220747
11.759999999999998,1.5181776347069398
11.764999999999999,1.51759762681848
11.769999999999998,1.5170174991077985
11.774999999999999,1.5164372531201995
11.779999999999998,1.5158568903952057
11.784999999999998,1.5152764124665792
11.789999999999997,1.5146958208623418
11.794999999999998,1.514115117104794
11.799999999999999,1.5135343027105341
11.804999999999998,1.5129533791904817
11.809999999999999,1.5123723480498905
11.814999999999998,1.5117912107883744
11.819999999999999,1.5112099688999214
11.824999999999998,1.5106286238729192
11.829999999999998,1.510047177190168
11.834999999999999,1.5094656303289025
11.839999999999998,1.5088839847608144
11.844999999999999,1.508302241952065
11.849999999999998,1.5077204033633096
11.854999999999999,1.5071384704497124
11.859999999999998,1.5065564446609687
11.864999999999998,1.505974327441323
11.869999999999997,1.5053921202295861
11.874999999999998,1.5048098244591541
11.879999999999999,1.5042274415580295
11.884999999999998,1.5036449729488368
11.889999999999999,1.503062420048842
11.894999999999998,1.5024797842699729
11.899999999999999,1.5018970670188336
11.904999999999998,1.5013142696967257
11.909999999999998,1.5007313936996671
11.914999999999997,1.5001484404184076
11.919999999999998,1.4995654112384469
11.924999999999999,1.4989823075400577
11.929999999999998,1.4983991306982964
11.934999999999999,1.497815882083027
11.939999999999998,1.4972325630589356
11.944999999999999,1.4966491749855486
11.949999999999998,1.4960657192172515
11.954999999999998,1.4954821971033072
11.959999999999999,1.4948986099878703
11.964999999999998,1.4943149592100087
11.969999999999999,1.4937312461037173
11.974999999999998,1.4931474719979396
11.979999999999999,1.4925636382165808
11.984999999999998,1.4919797460785278
11.989999999999998,1.4913957968976645
11.994999999999997,1.4908117919828936
11.999999999999998,1.4902277326381452
12.004999999999999,1.4896436201624048
12.009999999999998,1.4890594558497183
12.014999999999999,1.4884752409892203
12.019999999999998,1.487890976865142
12.024999999999999,1.4873066647568338
12.029999999999998,1.4867223059387802
12.034999999999998,1.4861379016806149
12.039999999999997,1.4855534532471388
12.044999999999998,1.4849689618983395
12.049999999999999,1.4843844288894017
12.054999999999998,1.4837998554707283
12.059999999999999,1.4832152428879555
12.064999999999998,1.4826305923819694
12.069999999999999,1.4820459051889203
12.074999999999998,1.4814611825402442
12.079999999999998,1.4808764256626705
12.084999999999999,1.4802916357782483
12.089999999999998,1.479706814104353
12.094999999999999,1.479121961853709
12.099999999999998,1.4785370802344031
12.104999999999999,1.4779521704498992
12.109999999999998,1.4773672336990566
12.114999999999998,1.4767822711761431
12.119999999999997,1.4761972840708557
12.124999999999998,1.4756122735683284
12.129999999999999,1.4750272408491558
12.134999999999998,1.4744421870894042
12.139999999999999,1.4738571134606269
12.144999999999998,1.4732720211298829
12.149999999999999,1.4726869112597483
12.154999999999998,1.4721017850083358
12.159999999999998,1.4715166435293048
12.164999999999997,1.470931487971884
12.169999999999998,1.4703463194808777
12.174999999999999,1.469761139196688
12.179999999999998,1.4691759482553275
12.184999999999999,1.4685907477884346
12.189999999999998,1.4680055389232858
12.194999999999999,1.4674203227828162
12.199999999999998,1.4668351004856284
12.204999999999998,1.4662498731460123
12.209999999999997,1.4656646418739565
12.214999999999998,1.465079407775163
12.219999999999999,1.4644941719510667
12.224999999999998,1.4639089354988422
12.229999999999999,1.463323699511426
12.234999999999998,1.4627384650775268
12.239999999999998,1.462153233281638
12.244999999999997,1.4615680052040596
12.249999999999998,1.4609827819209045
12.254999999999999,1.4603975645041165
12.259999999999998,1.4598123540214858
12.264999999999999,1.4592271515366606
12.269999999999998,1.4586419581091634
12.274999999999999,1.4580567747944027
12.279999999999998,1.4574716026436891
12.284999999999998,1.4568864427042494
12.289999999999997,1.4563012960192394
12.294999999999998,1.4557161636277567
12.299999999999999,1.4551310465648601
12.304999999999998,1.4545459458615766
12.309999999999999,1.4539608625449176
12.314999999999998,1.453375797637896
12.319999999999999,1.4527907521595338
12.324999999999998,1.4522057271248823
12.329999999999998,1.4516207235450291
12.334999999999997,1.4510357424271183
12.339999999999998,1.4504507847743575
12.344999999999999,1.4498658515860368
12.349999999999998,1.4492809438575383
12.354999999999999,1.4486960625803518
12.359999999999998,1.448111208742088
12.364999999999998,1.4475263833264882
12.369999999999997,1.4469415873134444
12.374999999999998,1.4463568216790055
12.379999999999999,1.4457720873953939
12.384999999999998,1.4451873854310189
12.389999999999999,1.444602716750489
12.394999999999998,1.4440180823146245
12.399999999999999,1.4434334830804694
12.404999999999998,1.442848920001308
12.409999999999998,1.4422643940266742
12.414999999999997,1.4416799061023653
12.419999999999998,1.4410954571704568
12.424999999999999,1.4405110481693104
12.429999999999998,1.4399266800335935
12.434999999999999,1.439342353694283
12.439999999999998,1.4387580700786882
12.444999999999999,1.4381738301104545
12.449999999999998,1.4375896347095805
12.454999999999998,1.4370054847924298
12.459999999999997,1.4364213812717423
12.464999999999998,1.4358373250566485
12.469999999999999,1.4352533170526793
12.474999999999998,1.4346693581617804
12.479999999999999,1.434085449282324
12.484999999999998,1.4335015913091202
12.489999999999998,1.4329177851334305
12.494999999999997,1.4323340316429791
12.499999999999998,1.4317503317219638
12.504999999999999,1.4311666862510712
12.509999999999998,1.4305830961074864
12.514999999999999,1.4299995621649044
12.519999999999998,1.4294160852935442
12.524999999999999,1.4288326663601598
12.529999999999998,1.42824930622805
12.534999999999998,1.4276660057570734
12.539999999999997,1.4270827658036578
12.544999999999998,1.4264995872208146
12.549999999999999,1.4259164708581467
12.554999999999998,1.4253334175618622
12.559999999999999,1.4247504281747876
12.564999999999998,1.4241675035363772
12.569999999999999,1.4235846444827234
12.574999999999998,1.4230018518465715
12.579999999999998,1.422419126457329
12.584999999999997,1.421836469141078
12.589999999999998,1.4212538807205848
12.594999999999999,1.4206713620153149
12.599999999999998,1.4200889138414396
12.604999999999999,1.419506537011849
12.609999999999998,1.4189242323361666
12.614999999999998,1.4183420006207552
12.619999999999997,1.4177598426687315
12.624999999999998,1.4171777592799752
12.629999999999997,1.4165957512511416
12.634999999999998,1.4160138193756722
12.639999999999999,1.4154319644438036
12.644999999999998,1.414850187242583
12.649999999999999,1.4142684885558752
12.654999999999998,1.4136868691643734
12.659999999999998,1.4131053298456122
12.664999999999997,1.4125238713739783
12.669999999999998,1.4119424945207188
12.674999999999999,1.4113612000539546
12.679999999999998,1.4107799887386896
12.684999999999999,1.410198861336821
12.689999999999998,1.4096178186071515
12.694999999999999,1.4090368613053978
12.699999999999998,1.408455990184206
12.704999999999998,1.407875205993152
12.709999999999997,1.4072945094787646
12.714999999999998,1.4067139013845247
12.719999999999999,1.406133382450885
12.724999999999998,1.4055529534152724
12.729999999999999,1.4049726150121038
12.734999999999998,1.4043923679727943
12.739999999999998,1.4038122130257669
12.744999999999997,1.4032321508964645
12.749999999999998,1.4026521823073586
12.754999999999997,1.4020723079779585
12.759999999999998,1.401492528624825
12.764999999999999,1.4009128449615766
12.769999999999998,1.4003332576989023
12.774999999999999,1.3997537675445695
12.779999999999998,1.3991743752034362
12.784999999999998,1.3985950813774575
12.789999999999997,1.3980158867657
12.794999999999998,1.3974367920643471
12.799999999999999,1.3968577979667134
12.804999999999998,1.3962789051632503
12.809999999999999,1.3957001143415584
12.814999999999998,1.395121426186398
12.819999999999999,1.3945428413796928
12.824999999999998,1.393964360600548
12.829999999999998,1.3933859845252552
12.834999999999997,1.3928077138273016
12.839999999999998,1.392229549177382
12.844999999999999,1.391651491243406
12.849999999999998,1.3910735406905088
12.854999999999999,1.390495698181061
12.859999999999998,1.3899179643746766
12.864999999999998,1.3893403399282238
12.869999999999997,1.388762825495834
12.874999999999998,1.3881854217289091
12.879999999999997,1.3876081292761357
12.884999999999998,1.387030948783489
12.889999999999999,1.3864538808942455
12.894999999999998,1.3858769262489905
12.899999999999999,1.3853000854856277
12.904999999999998,1.3847233592393895
12.909999999999998,1.3841467481428438
12.914999999999997,1.383570252825906
12.919999999999998,1.3829938739158452
12.924999999999999,1.3824176120372949
12.929999999999998,1.3818414678122615
12.934999999999999,1.3812654418601333
12.939999999999998,1.38068953479769
12.944999999999999,1.380113747239111
12.949999999999998,1.3795380797959835
12.954999999999998,1.3789625330773128
12.959999999999997,1.3783871076895313
12.964999999999998,1.3778118042365044
12.969999999999999,1.3772366233195437
12.974999999999998,1.3766615655374121
12.979999999999999,1.376086631486334
12.984999999999998,1.3755118217600046
12.989999999999998,1.3749371369495946
12.994999999999997,1.3743625776437662
12.999999999999998,1.3737881444286744
13.004999999999997,1.3732138378879792
13.009999999999998,1.3726396586028542
13.014999999999999,1.3720656071519928
13.019999999999998,1.371491684111619
13.024999999999999,1.3709178900554946
13.029999999999998,1.3703442255549299
13.034999999999998,1.369770691178787
13.039999999999997,1.3691972874934932
13.044999999999998,1.3686240150630478
13.049999999999999,1.3680508744490283
13.054999999999998,1.367477866210602
13.059999999999999,1.3669049909045314
13.064999999999998,1.3663322490851852
13.069999999999999,1.365759641304542
13.074999999999998,1.3651871681122043
13.079999999999998,1.3646148300554022
13.084999999999997,1.3640426276790039
13.089999999999998,1.3634705615255205
13.094999999999999,1.3628986321351189
13.099999999999998,1.3623268400456265
13.104999999999999,1.3617551857925394
13.109999999999998,1.3611836699090307
13.114999999999998,1.3606122929259596
13.119999999999997,1.360041055371877
13.124999999999998,1.3594699577730365
13.129999999999997,1.3588990006533992
13.134999999999998,1.358328184534643
13.139999999999999,1.3577575099361694
13.144999999999998,1.357186977375113
13.149999999999999,1.3566165873663487
13.154999999999998,1.3560463404224976
13.159999999999998,1.3554762370539373
13.164999999999997,1.3549062777688075
13.169999999999998,1.354336463073019
13.174999999999997,1.3537667934702609
13.179999999999998,1.3531972694620065
13.184999999999999,1.3526278915475247
13.189999999999998,1.3520586602238842
13.194999999999999,1.3514895759859622
13.199999999999998,1.350920639326452
13.204999999999998,1.350351850735869
13.209999999999997,1.3497832107025618
13.214999999999998,1.3492147197127142
13.219999999999999,1.348646378250358
13.224999999999998,1.3480781867973763
13.229999999999999,1.3475101458335135
13.234999999999998,1.346942255836381
13.239999999999998,1.346374517281466
13.244999999999997,1.3458069306421363
13.249999999999998,1.34523949638965
13.254999999999997,1.3446722149931614
13.259999999999998,1.3441050869197275
13.264999999999999,1.3435381126343193
13.269999999999998,1.3429712925998236
13.274999999999999,1.3424046272770513
13.279999999999998,1.3418381171247475
13.284999999999998,1.341271762599596
13.289999999999997,1.3407055641562267
13.294999999999998,1.340139522247224
13.299999999999997,1.3395736373231302
13.304999999999998,1.3390079098324579
13.309999999999999,1.3384423402216918
13.314999999999998,1.3378769289352987
13.319999999999999,1.3373116764157327
13.324999999999998,1.3367465831034444
13.329999999999998,1.336181649436885
13.334999999999997,1.3356168758525147
13.339999999999998,1.3350522627848092
13.344999999999999,1.3344878106662663
13.349999999999998,1.3339235199274126
13.354999999999999,1.3333593909968118
13.359999999999998,1.3327954243010685
13.364999999999998,1.3322316202648374
13.369999999999997,1.331667979310828
13.374999999999998,1.3311045018598135
13.379999999999997,1.3305411883306353
13.384999999999998,1.3299780391402116
13.389999999999999,1.3294150547035417
13.394999999999998,1.3288522354337144
13.399999999999999,1.3282895817419138
13.404999999999998,1.3277270940374262
13.409999999999998,1.327164772727645
13.414999999999997,1.3266026182180806
13.419999999999998,1.3260406309123631
13.424999999999997,1.3254788112122509
13.429999999999998,1.3249171595176366
13.434999999999999,1.3243556762265534
13.439999999999998,1.323794361735181
13.444999999999999,1.3232332164378529
13.449999999999998,1.3226722407270626
13.454999999999998,1.3221114349934675
13.459999999999997,1.3215507996258995
13.464999999999998,1.320990335011367
13.469999999999999,1.3204300415350645
13.474999999999998,1.3198699195803771
13.479999999999999,1.3193099695288861
13.484999999999998,1.3187501917603768
13.489999999999998,1.318190586652844
13.494999999999997,1.3176311545824977
13.499999999999998,1.3170718959237688
13.504999999999997,1.3165128110493172
13.509999999999998,1.315953900330036
13.514999999999999,1.3153951641350583
13.519999999999998,1.3148366028317628
13.524999999999999,1.3142782167857807
13.529999999999998,1.3137200063610002
13.534999999999998,1.313161971919573
13.539999999999997,1.3126041138219238
13.544999999999998,1.3120464324267478
13.549999999999997,1.3114889280910267
13.554999999999998,1.3109316011700263
13.559999999999999,1.3103744520173077
13.564999999999998,1.309817480984731
13.569999999999999,1.3092606884224602
13.574999999999998,1.3087040746789713
13.579999999999998,1.3081476401010572
13.584999999999997,1.3075913850338328
13.589999999999998,1.307035309820741
13.594999999999997,1.306479414803558
13.599999999999998,1.3059237003224011
13.604999999999999,1.3053681667157324
13.609999999999998,1.3048128143203654
13.614999999999998,1.3042576434714683
13.619999999999997,1.3037026545025752
13.624999999999998,1.3031478477455838
13.629999999999997,1.3025932235307687
13.634999999999998,1.3020387821867823
13.639999999999999,1.301484524040662
13.644999999999998,1.3009304494178358
13.649999999999999,1.300376558642126
13.654999999999998,1.2998228520357578
13.659999999999998,1.2992693299193618
13.664999999999997,1.2987159926119827
13.669999999999998,1.2981628404310803
13.674999999999997,1.2976098736925392
13.679999999999998,1.2970570927106722
13.684999999999999,1.296504497798227
13.689999999999998,1.2959520892663878
13.694999999999999,1.295399867424787
13.699999999999998,1.294847832581504
13.704999999999998,1.2942959850430755
13.709999999999997,1.2937443251144984
13.714999999999998,1.293192853099234
13.719999999999997,1.292641569299217
13.724999999999998,1.2920904740148575
13.729999999999999,1.2915395675450474
13.734999999999998,1.2909888501871651
13.739999999999998,1.2904383222370825
13.744999999999997,1.2898879839891673
13.749999999999998,1.2893378357362901
13.754999999999997,1.2887878777698294
13.759999999999998,1.288238110379676
13.764999999999999,1.2876885338542394
13.769999999999998,1.287139148480451
13.774999999999999,1.2865899545437716
13.779999999999998,1.286040952328193
13.784999999999998,1.2854921421162475
13.789999999999997,1.2849435241890095
13.794999999999998,1.2843950988261015
13.799999999999997,1.2838468663056999
13.804999999999998,1.2832988269045376
13.809999999999999,1.282750980897913
13.814999999999998,1.282203328559691
13.819999999999999,1.2816558701623098
13.824999999999998,1.2811086059767862
13.829999999999998,1.280561536272719
13.834999999999997,1.2800146613182954
13.839999999999998,1.2794679813802952
13.844999999999997,1.278921496724095
13.849999999999998,1.2783752076136736
13.854999999999999,1.2778291143116187
13.859999999999998,1.2772832170791275
13.864999999999998,1.2767375161760148
13.869999999999997,1.2761920118607177
13.874999999999998,1.2756467043902988
13.879999999999997,1.2751015940204518
13.884999999999998,1.2745566810055053
13.889999999999999,1.2740119655984294
13.894999999999998,1.2734674480508392
13.899999999999999,1.2729231286129987
13.904999999999998,1.2723790075338264
13.909999999999998,1.271835085060901
13.914999999999997,1.2712913614404637
13.919999999999998,1.2707478369174245
13.924999999999997,1.2702045117353662
13.929999999999998,1.2696613861365493
13.934999999999999,1.269118460361916
13.939999999999998,1.2685757346510946
13.944999999999999,1.2680332092424063
13.949999999999998,1.2674908843728656
13.954999999999998,1.266948760278189
13.959999999999997,1.2664068371927972
13.964999999999998,1.265865115349819
13.969999999999997,1.2653235949810993
13.974999999999998,1.2647822763171972
13.979999999999999,1.264241159587398
13.984999999999998,1.2637002450197121
13.989999999999998,1.2631595328408805
13.994999999999997,1.2626190232763819
13.999999999999998,1.2620787165504337
14.004999999999997,1.2615386128859976
14.009999999999998,1.2609987125047848
14.014999999999997,1.2604590156272593
14.019999999999998,1.2599195224726418
14.024999999999999,1.2593802332589161
14.029999999999998,1.2588411482028317
14.034999999999998,1.2583022675199063
14.039999999999997,1.2577635914244356
14.044999999999998,1.2572251201294906
14.049999999999997,1.2566868538469282
14.054999999999998,1.2561487927873904
14.059999999999999,1.2556109371603121
14.064999999999998,1.2550732871739232
14.069999999999999,1.2545358430352531
14.074999999999998,1.253998604950135
14.079999999999998,1.2534615731232117
14.084999999999997,1.2529247477579368
14.089999999999998,1.2523881290565804
14.094999999999997,1.2518517172202337
14.099999999999998,1.2513155124488111
14.104999999999999,1.2507795149410579
14.109999999999998,1.25024372489455
14.114999999999998,1.2497081425057008
14.119999999999997,1.2491727679697655
14.124999999999998,1.2486376014808414
14.129999999999997,1.248102643231878
14.134999999999998,1.2475678934146752
14.139999999999997,1.2470333522198904
14.144999999999998,1.2464990198370425
14.149999999999999,1.245964896454514
14.154999999999998,1.2454309822595568
14.159999999999998,1.2448972774382956
14.164999999999997,1.244363782175731
14.169999999999998,1.2438304966557439
14.174999999999997,1.2432974210611005
14.179999999999998,1.242764555573454
14.184999999999999,1.2422319003733517
14.189999999999998,1.2416994556402348
14.194999999999999,1.2411672215524447
14.199999999999998,1.2406351982872272
14.204999999999998,1.2401033860207347
14.209999999999997,1.239571784928032
14.214999999999998,1.2390403951830975
14.219999999999997,1.238509216958829
14.224999999999998,1.2379782504270473
14.229999999999999,1.2374474957584995
14.234999999999998,1.236916953122862
14.239999999999998,1.2363866226887457
14.244999999999997,1.235856504623699
14.249999999999998,1.2353265990942104
14.254999999999997,1.2347969062657154
14.259999999999998,1.2342674263025961
14.264999999999997,1.233738159368189
14.269999999999998,1.2332091056247843
14.274999999999999,1.2326802652336328
14.279999999999998,1.2321516383549487
14.284999999999998,1.231623225147913
14.289999999999997,1.2310950257706768
14.294999999999998,1.2305670403803648
14.299999999999997,1.2300392691330806
14.304999999999998,1.229511712183908
14.309999999999999,1.2289843696869165
14.314999999999998,1.2284572417951622
14.319999999999999,1.2279303286606944
14.324999999999998,1.2274036304345584
14.329999999999998,1.2268771472667956
14.334999999999997,1.2263508793064537
14.339999999999998,1.2258248267015828
14.344999999999997,1.2252989895992439
14.349999999999998,1.2247733681455113
14.354999999999999,1.2242479624854736
14.359999999999998,1.2237227727632423
14.364999999999998,1.223197799121949
14.369999999999997,1.222673041703753
14.374999999999998,1.222148500649845
14.379999999999997,1.2216241761004458
14.384999999999998,1.2211000681948165
14.389999999999997,1.2205761770712562
14.394999999999998,1.2200525028671079
14.399999999999999,1.2195290457187629
14.404999999999998,1.2190058057616606
14.409999999999998,1.2184827831302947
14.414999999999997,1.2179599779582166
14.419999999999998,1.2174373903780369
14.424999999999997,1.21691502052143
14.429999999999998,1.2163928685191374
14.434999999999999,1.2158709345009704
14.439999999999998,1.2153492185958137
14.444999999999999,1.2148277209316283
14.449999999999998,1.214306441635456
14.454999999999998,1.2137853808334198
14.459999999999997,1.213264538650731
14.464999999999998,1.2127439152116883
14.469999999999997,1.212223510639686
14.474999999999998,1.2117033250572116
14.479999999999999,1.2111833585858527
14.484999999999998,1.2106636113462996
14.489999999999998,1.2101440834583477
14.494999999999997,1.2096247750409004
14.499999999999998,1.2091056862119733
14.504999999999997,1.208586817088698
14.509999999999998,1.208068167787321
14.514999999999997,1.2075497384232132
14.519999999999998,1.2070315291108678
14.524999999999999,1.2065135399639058
14.529999999999998,1.2059957710950788
14.534999999999998,1.2054782226162704
14.539999999999997,1.2049608946385029
14.544999999999998,1.2044437872719371
14.549999999999997,1.2039269006258753
14.554999999999998,1.203410234808767
14.559999999999997,1.2028937899282097
14.564999999999998,1.202377566090952
14.569999999999999,1.2018615634028975
14.574999999999998,1.2013457819691085
14.579999999999998,1.2008302218938056
14.584999999999997,1.2003148832803756
14.589999999999998,1.1997997662313697
14.594999999999997,1.1992848708485095
14.599999999999998,1.198770197232689
14.604999999999999,1.1982557454839773
14.609999999999998,1.1977415157016211
14.614999999999998,1.1972275079840506
14.619999999999997,1.1967137224288777
14.624999999999998,1.1962001591329021
14.629999999999997,1.1956868181921136
14.634999999999998,1.1951736997016946
14.639999999999997,1.1946608037560225
14.644999999999998,1.1941481304486734
14.649999999999999,1.1936356798724264
14.654999999999998,1.1931234521192615
14.659999999999998,1.1926114472803686
14.664999999999997,1.1920996654461464
14.669999999999998,1.1915881067062044
14.674999999999997,1.1910767711493708
14.679999999999998,1.1905656588636895
14.684999999999997,1.1900547699364261
14.689999999999998,1.18954410445407
14.694999999999999,1.1890336625023377
14.699999999999998,1.1885234441661736
14.704999999999998,1.1880134495297536
14.709999999999997,1.1875036786764916
14.714999999999998,1.1869941316890362
14.719999999999997,1.186484808649276
14.724999999999998,1.1859757096383445
14.729999999999999,1.1854668347366184
14.734999999999998,1.1849581840237244
14.739999999999998,1.1844497575785389
14.744999999999997,1.183941555479194
14.749999999999998,1.1834335778030756
14.754999999999997,1.1829258246268302
14.759999999999998,1.1824182960263645
14.764999999999997,1.1819109920768514
14.769999999999998,1.1814039128527285
14.774999999999999,1.180897058427704
14.779999999999998,1.180390428874759
14.784999999999998,1.1798840242661472
14.789999999999997,1.1793778446734022
14.794999999999998,1.1788718901673347
14.799999999999997,1.17836616081804
14.804999999999998,1.177860656694897
14.809999999999997,1.1773553778665735
14.814999999999998,1.1768503244010264
14.819999999999999,1.1763454963655058
14.824999999999998,1.175840893826557
14.829999999999998,1.1753365168500234
14.834999999999997,1.1748323655010469
14.839999999999998,1.174328439844075
14.844999999999997,1.1738247399428576
14.849999999999998,1.173321265860455
14.854999999999999,1.1728180176592358
14.859999999999998,1.1723149954008827
14.864999999999998,1.171812199146392
14.869999999999997,1.1713096289560803
14.874999999999998,1.1708072848895814
14.879999999999997,1.1703051670058535
14.884999999999998,1.1698032753631795
14.889999999999997,1.16930161001917
14.894999999999998,1.1688001710307638
14.899999999999999,1.1682989584542345
14.904999999999998,1.167797972345189
14.909999999999998,1.167297212758571
14.914999999999997,1.1667966797486642
14.919999999999998,1.1662963733690948
14.924999999999997,1.165796293672832
14.929999999999998,1.165296440712193
14.934999999999997,1.164796814538842
14.939999999999998,1.1642974152037966
14.944999999999999,1.163798242757427
14.949999999999998,1.1632992972494594
14.954999999999998,1.1628005787289786
14.959999999999997,1.1623020872444303
14.964999999999998,1.1618038228436225
14.969999999999997,1.1613057855737294
14.974999999999998,1.1608079754812917
14.979999999999997,1.1603103926122207
14.984999999999998,1.1598130370117998
14.989999999999998,1.1593159087246865
14.994999999999997,1.1588190077949154
14.999999999999998,1.1583223342658995
15.004999999999997,1.157825888180434
15.009999999999998,1.1573296695806965
15.014999999999997,1.1568336785082507
15.019999999999998,1.1563379150040485
15.024999999999999,1.1558423791084316
15.029999999999998,1.1553470708611344
15.034999999999998,1.1548519903012855
15.039999999999997,1.154357137467411
15.044999999999998,1.153862512397435
15.049999999999997,1.1533681151286836
15.054999999999998,1.1528739456978856
15.059999999999997,1.1523800041411758
15.064999999999998,1.1518862904940965
15.069999999999999,1.1513928047915998
15.074999999999998,1.1508995470680503
15.079999999999998,1.1504065173572262
15.084999999999997,1.1499137156923223
15.089999999999998,1.1494211421059515
15.094999999999997,1.1489287966301478
15.099999999999998,1.1484366792963674
15.104999999999997,1.147944790135491
15.109999999999998,1.1474531291778274
15.114999999999998,1.1469616964531129
15.119999999999997,1.1464704919905162
15.124999999999998,1.1459795158186383
15.129999999999997,1.145488767965516
15.134999999999998,1.144998248458622
15.139999999999997,1.1445079573248707
15.144999999999998,1.144017894590616
15.149999999999999,1.1435280602816569
15.154999999999998,1.1430384544232361
15.159999999999998,1.1425490770400446
15.164999999999997,1.142059928156224
15.169999999999998,1.141571007795366
15.174999999999997,1.1410823159805172
15.179999999999998,1.1405938527341783
15.184999999999997,1.1401056180783096
15.189999999999998,1.1396176120343295
15.194999999999999,1.139129834623119
15.199999999999998,1.1386422858650211
15.204999999999998,1.138154965779847
15.209999999999997,1.1376678743868731
15.214999999999998,1.1371810117048469
15.219999999999997,1.136694377751986
15.224999999999998,1.1362079725459828
15.229999999999997,1.1357217961040045
15.234999999999998,1.1352358484426954
15.239999999999998,1.1347501295781786
15.244999999999997,1.13426463952606
15.249999999999998,1.1337793783014274
15.254999999999997,1.1332943459188536
15.259999999999998,1.132809542392399
15.264999999999997,1.1323249677356118
15.269999999999998,1.1318406219615318
15.274999999999999,1.1313565050826913
15.279999999999998,1.1308726171111165
15.284999999999998,1.1303889580583313
15.289999999999997,1.1299055279353563
15.294999999999998,1.1294223267527124
15.299999999999997,1.1289393545204243
15.304999999999998,1.1284566112480174
15.309999999999997,1.1279740969445262
15.314999999999998,1.1274918116184895
15.319999999999999,1.1270097552779579
15.324999999999998,1.1265279279304923
15.329999999999998,1.1260463295831655
15.334999999999997,1.1255649602425672
15.339999999999998,1.1250838199148023
15.344999999999997,1.1246029086054945
15.349999999999998,1.124122226319787
15.354999999999997,1.1236417730623467
15.359999999999998,1.1231615488373619
15.364999999999998,1.122681553648549
15.369999999999997,1.1222017874991508
15.374999999999998,1.1217222503919384
15.379999999999997,1.1212429423292145
15.384999999999998,1.1207638633128145
15.389999999999997,1.120285013344108
15.394999999999998,1.1198063924240014
15.399999999999997,1.1193280005529374
15.404999999999998,1.1188498377308997
15.409999999999998,1.1183719039574138
15.414999999999997,1.1178941992315463
15.419999999999998,1.1174167235519101
15.424999999999997,1.1169394769166652
15.429999999999998,1.1164624593235177
15.434999999999997,1.1159856707697255
15.439999999999998,1.1155091112520967
15.444999999999999,1.115032780766994
15.449999999999998,1.1145566793103348
15.454999999999998,1.1140808068775923
15.459999999999997,1.1136051634637985
15.464999999999998,1.1131297490635468
15.469999999999997,1.1126545636709892
15.474999999999998,1.1121796072798438
15.479999999999997,1.111704879883393
15.484999999999998,1.1112303814744846
15.489999999999998,1.1107561120455365
15.494999999999997,1.1102820715885353
15.499999999999998,1.1098082600950392
15.504999999999997,1.1093346775561808
15.509999999999998,1.1088613239626652
15.514999999999997,1.1083881993047764
15.519999999999998,1.1079153035723746
15.524999999999997,1.1074426367549
15.529999999999998,1.1069701988413747
15.534999999999998,1.1064979898204033
15.539999999999997,1.1060260096801742
15.544999999999998,1.1055542584084628
15.549999999999997,1.1050827359926312
15.554999999999998,1.104611442419631
15.559999999999997,1.1041403776760044
15.564999999999998,1.1036695417478855
15.569999999999999,1.1031989346210032
15.574999999999998,1.1027285562806808
15.579999999999998,1.102258406711839
15.584999999999997,1.1017884858989975
15.589999999999998,1.1013187938262743
15.594999999999997,1.100849330477391
15.599999999999998,1.1003800958356706
15.604999999999997,1.099911089884042
15.609999999999998,1.0994423126050392
15.614999999999998,1.0989737639808037
15.619999999999997,1.0985054439930877
15.624999999999998,1.0980373526232516
15.629999999999997,1.0975694898522708
15.634999999999998,1.0971018556607313
15.639999999999997,1.0966344500288367
15.644999999999998,1.096167272936406
15.649999999999997,1.095700324362876
15.654999999999998,1.095233604287304
15.659999999999998,1.0947671126883673
15.664999999999997,1.0943008495443667
15.669999999999998,1.0938348148332262
15.674999999999997,1.0933690085324959
15.679999999999998,1.0929034306193512
15.684999999999997,1.0924380810705978
15.689999999999998,1.0919729598626693
15.694999999999999,1.091508066971632
15.699999999999998,1.0910434023731843
15.704999999999998,1.0905789660426572
15.709999999999997,1.0901147579550199
15.714999999999998,1.0896507780848765
15.719999999999997,1.0891870264064694
15.724999999999998,1.0887235028936812
15.729999999999997,1.0882602075200354
15.734999999999998,1.0877971402586988
15.739999999999998,1.0873343010824803
15.744999999999997,1.0868716899638355
15.749999999999998,1.0864093068748664
15.754999999999997,1.0859471517873234
15.759999999999998,1.0854852246726046
15.764999999999997,1.0850235255017608
15.769999999999998,1.0845620542454946
15.774999999999997,1.084100810874161
15.779999999999998,1.0836397953577703
15.784999999999998,1.0831790076659906
15.789999999999997,1.0827184477681455
15.794999999999998,1.082258115633218
15.799999999999997,1.0817980112298529
15.804999999999998,1.081338134526354
15.809999999999997,1.0808784854906899
15.814999999999998,1.0804190640904932
15.819999999999999,1.0799598702930613
15.824999999999998,1.0795009040653596
15.829999999999998,1.0790421653740208
15.834999999999997,1.0785836541853477
15.839999999999998,1.0781253704653133
15.844999999999997,1.0776673141795634
15.849999999999998,1.0772094852934166
15.854999999999997,1.0767518837718673
15.859999999999998,1.0762945095795846
15.864999999999998,1.0758373626809152
15.869999999999997,1.0753804430398852
15.874999999999998,1.0749237506201996
15.879999999999997,1.0744672853852453
15.884999999999998,1.0740110472980908
15.889999999999997,1.073555036321489
15.894999999999998,1.073099252417877
15.899999999999997,1.072643695549379
15.904999999999998,1.0721883656778053
15.909999999999998,1.0717332627646563
15.914999999999997,1.0712783867711215
15.919999999999998,1.0708237376580816
15.924999999999997,1.0703693153861102
15.929999999999998,1.0699151199154735
15.934999999999997,1.0694611512061336
15.939999999999998,1.069007409217748
15.944999999999997,1.0685538939096721
15.949999999999998,1.0681006052409592
15.954999999999998,1.0676475431703625
15.959999999999997,1.0671947076563364
15.964999999999998,1.0667420986570373
15.969999999999997,1.0662897161303246
15.974999999999998,1.065837560033763
15.979999999999997,1.0653856303246219
15.984999999999998,1.0649339269598785
15.989999999999998,1.064482449896217
15.994999999999997,1.064031199090033
15.999999999999998,1.0635801744974294
16.005,1.0631293760742238
16.009999999999998,1.0626788037759445
16.014999999999997,1.0622284575578347
16.02,1.0617783373748522
16.025,1.0613284431816727
16.029999999999998,1.060878774932687
16.035,1.0604293325820051
16.04,1.0599801160834574
16.044999999999998,1.0595311253905955
16.049999999999997,1.0590823604566921
16.055,1.058633821234743
16.06,1.0581855076774689
16.064999999999998,1.0577374197373155
16.069999999999997,1.057289557366455
16.075,1.0568419205167874
16.08,1.0563945091399418
16.084999999999997,1.0559473231872762
16.09,1.0555003626098804
16.095,1.055053627358576
16.099999999999998,1.0546071173839187
16.104999999999997,1.0541608326361964
16.11,1.053714773065434
16.115,1.0532689386213925
16.119999999999997,1.0528233292535705
16.125,1.052377944911205
16.13,1.0519327855432734
16.134999999999998,1.0514878510984935
16.139999999999997,1.0510431415253236
16.145,1.0505986567719674
16.15,1.0501543967863716
16.154999999999998,1.0497103615162269
16.16,1.0492665509089716
16.165,1.0488229649117908
16.169999999999998,1.048379603471617
16.174999999999997,1.047936466535134
16.18,1.0474935540487726
16.185,1.0470508659587188
16.189999999999998,1.0466084022109086
16.194999999999997,1.046166162751032
16.2,1.0457241475245331
16.205,1.0452823564766125
16.209999999999997,1.0448407895522274
16.215,1.0443994466960909
16.22,1.0439583278526763
16.224999999999998,1.0435174329662158
16.229999999999997,1.0430767619807024
16.235,1.0426363148398905
16.24,1.042196091487298
16.244999999999997,1.0417560918662052
16.25,1.041316315919657
16.255,1.0408767635904657
16.259999999999998,1.040437434821208
16.264999999999997,1.0399983295542297
16.27,1.0395594477316445
16.275,1.039120789295336
16.279999999999998,1.0386823541869583
16.285,1.0382441423479363
16.29,1.0378061537194687
16.294999999999998,1.0373683882425269
16.299999999999997,1.0369308458578566
16.305,1.036493526505979
16.31,1.036056430127192
16.314999999999998,1.0356195566615711
16.319999999999997,1.0351829060489686
16.325,1.0347464782290179
16.33,1.034310273141131
16.334999999999997,1.0338742907245022
16.34,1.0334385309181071
16.345,1.0330029936607041
16.349999999999998,1.0325676788908373
16.354999999999997,1.0321325865468336
16.36,1.031697716566805
16.365,1.0312630688886542
16.369999999999997,1.0308286434500669
16.375,1.0303944401885208
16.38,1.0299604590412814
16.384999999999998,1.0295266999454042
16.389999999999997,1.0290931628377378
16.395,1.0286598476549211
16.4,1.0282267543333874
16.404999999999998,1.027793882809364
16.41,1.0273612330188713
16.415,1.0269288048977283
16.419999999999998,1.026496598381549
16.424999999999997,1.026064613405745
16.43,1.0256328499055267
16.435,1.0252013078159044
16.439999999999998,1.024769987071688
16.444999999999997,1.0243388876074886
16.45,1.023908009357719
16.455,1.0234773522565956
16.459999999999997,1.0230469162381386
16.465,1.0226167012361715
16.47,1.022186707184326
16.474999999999998,1.0217569340160364
16.479999999999997,1.0213273816645474
16.485,1.0208980500629095
16.49,1.020468939143985
16.494999999999997,1.0200400488404426
16.5,1.0196113790847636
16.505,1.0191829298092403
16.509999999999998,1.0187547009459772
16.514999999999997,1.018326692426893
16.52,1.0178989041837176
16.525,1.0174713361479992
16.529999999999998,1.0170439882510995
16.535,1.0166168604241965
16.54,1.0161899525982874
16.544999999999998,1.0157632647041854
16.549999999999997,1.0153367966725237
16.555,1.0149105484337553
16.56,1.0144845199181534
16.564999999999998,1.0140587110558124
16.569999999999997,1.01363312177665
16.575,1.0132077520104052
16.58,1.0127826016866426
16.584999999999997,1.0123576707347506
16.59,1.011932959083942
16.595,1.0115084666632577
16.599999999999998,1.011084193401564
16.604999999999997,1.010660139227556
16.61,1.0102363040697568
16.615,1.0098126878565195
16.619999999999997,1.0093892905160269
16.625,1.0089661119762918
16.63,1.0085431521651607
16.634999999999998,1.0081204110103115
16.639999999999997,1.0076978884392553
16.645,1.0072755843793364
16.65,1.0068534987577358
16.654999999999998,1.0064316315014694
16.66,1.0060099825373876
16.665,1.0055885517921812
16.669999999999998,1.005167339192376
16.674999999999997,1.004746344664337
16.68,1.0043255681342693
16.685,1.0039050095282183
16.689999999999998,1.0034846687720695
16.694999999999997,1.0030645457915497
16.7,1.0026446405122282
16.705,1.002224952859519
16.709999999999997,1.001805482758678
16.715,1.0013862301348053
16.72,1.0009671949128487
16.724999999999998,1.0005483770175998
16.729999999999997,1.0001297763736978
16.735,0.9997113929056289
16.74,0.9992932265377288
16.744999999999997,0.9988752771941803
16.75,0.9984575447990167
16.755,0.9980400292761223
16.759999999999998,0.9976227305492311
16.764999999999997,0.9972056485419303
16.77,0.9967887831776578
16.775,0.9963721343797068
16.779999999999998,0.9959557020712225
16.785,0.9955394861752063
16.79,0.9951234866145139
16.794999999999998,0.9947077033118572
16.799999999999997,0.9942921361898046
16.805,0.993876785170782
16.81,0.9934616501770743
16.814999999999998,0.9930467311308235
16.819999999999997,0.9926320279540325
16.825,0.9922175405685629
16.83,0.9918032688961392
16.834999999999997,0.9913892128583451
16.84,0.9909753723766279
16.845,0.9905617473722975
16.849999999999998,0.9901483377665272
16.854999999999997,0.9897351434803543
16.86,0.9893221644346808
16.865,0.9889094005502754
16.869999999999997,0.9884968517477717
16.875,0.9880845179476702
16.88,0.9876723990703401
16.884999999999998,0.9872604950360179
16.889999999999997,0.9868488057648088
16.895,0.9864373311766876
16.9,0.9860260711914992
16.904999999999998,0.98561502572896
16.909999999999997,0.985204194708657
16.915,0.9847935780500491
16.919999999999998,0.9843831756724688
16.924999999999997,0.9839729874951215
16.93,0.9835630134370859
16.935,0.9831532534173165
16.939999999999998,0.9827437073546428
16.944999999999997,0.9823343751677697
16.95,0.9819252567752781
16.955,0.981516352095628
16.959999999999997,0.9811076610471553
16.965,0.980699183548075
16.97,0.9802909195164814
16.974999999999998,0.9798828688703479
16.979999999999997,0.9794750315275287
16.985,0.9790674074057578
16.99,0.9786599964226523
16.994999999999997,0.97825279849571
17.0,0.9778458135423121
17.005,0.9774390414797232
17.009999999999998,0.977032482225091
17.014999999999997,0.9766261356954493
17.02,0.9762200018077147
17.025,0.9758140804786914
17.029999999999998,0.9754083716250698
17.034999999999997,0.9750028751634267
17.04,0.9745975910102254
17.044999999999998,0.9741925190818195
17.049999999999997,0.9737876592944492
17.055,0.973383011564246
17.06,0.9729785758072292
17.064999999999998,0.9725743519393103
17.069999999999997,0.9721703398762904
17.075,0.9717665395338629
17.08,0.9713629508276137
17.084999999999997,0.970959573673021
17.09,0.9705564079854557
17.095,0.9701534536801844
17.099999999999998,0.9697507106723663
17.104999999999997,0.9693481788770566
17.11,0.9689458582092058
17.115,0.9685437485836605
17.119999999999997,0.9681418499151647
17.125,0.9677401621183587
17.13,0.9673386851077814
17.134999999999998,0.9669374187978699
17.139999999999997,0.9665363631029602
17.145,0.9661355179372876
17.15,0.9657348832149877
17.154999999999998,0.9653344588500969
17.159999999999997,0.9649342447565524
17.165,0.9645342408481928
17.169999999999998,0.9641344470387602
17.174999999999997,0.9637348632418983
17.18,0.9633354893711542
17.185,0.96293632533998
17.189999999999998,0.9625373710617312
17.194999999999997,0.9621386264496677
17.2,0.961740091416956
17.205,0.9613417658766686
17.209999999999997,0.960943649741784
17.215,0.9605457429251872
17.22,0.9601480453396727
17.224999999999998,0.9597505568979411
17.229999999999997,0.9593532775126027
17.235,0.9589562070961767
17.24,0.9585593455610919
17.244999999999997,0.9581626928196876
17.25,0.9577662487842129
17.255,0.9573700133668299
17.259999999999998,0.9569739864796104
17.264999999999997,0.9565781680345399
17.27,0.9561825579435153
17.275,0.9557871561183486
17.279999999999998,0.9553919624707644
17.284999999999997,0.954996976912401
17.29,0.9546021993548126
17.294999999999998,0.9542076297094682
17.299999999999997,0.9538132678877531
17.305,0.9534191138009672
17.31,0.9530251673603295
17.314999999999998,0.9526314284769747
17.319999999999997,0.9522378970619553
17.325,0.9518445730262423
17.33,0.9514514562807259
17.334999999999997,0.951058546736215
17.34,0.9506658443034379
17.345,0.9502733488930437
17.349999999999998,0.9498810604156024
17.354999999999997,0.9494889787816037
17.36,0.9490971039014601
17.365,0.9487054356855064
17.369999999999997,0.9483139740439994
17.375,0.9479227188871183
17.38,0.9475316701249676
17.384999999999998,0.9471408276675745
17.389999999999997,0.9467501914248905
17.395,0.9463597613067924
17.4,0.9459695372230832
17.404999999999998,0.94557951908349
17.409999999999997,0.9451897067976681
17.415,0.9448001002751973
17.419999999999998,0.9444106994255879
17.424999999999997,0.9440215041582743
17.43,0.9436325143826216
17.435,0.9432437300079225
17.439999999999998,0.9428551509433986
17.444999999999997,0.9424667770982018
17.45,0.9420786083814129
17.455,0.9416906447020441
17.459999999999997,0.9413028859690381
17.465,0.9409153320912684
17.47,0.9405279829775414
17.474999999999998,0.940140838536594
17.479999999999997,0.939753898677097
17.485,0.9393671633076546
17.49,0.938980632336803
17.494999999999997,0.9385943056730139
17.5,0.9382081832246923
17.505,0.9378222649001787
17.509999999999998,0.9374365506077483
17.514999999999997,0.9370510402556125
17.52,0.9366657337519179
17.525,0.9362806310047491
17.529999999999998,0.9358957319221267
17.534999999999997,0.9355110364120082
17.54,0.9351265443822898
17.544999999999998,0.9347422557408063
17.549999999999997,0.93435817039533
17.555,0.9339742882535723
17.56,0.9335906092231856
17.564999999999998,0.9332071332117604
17.569999999999997,0.9328238601268289
17.575,0.9324407898758629
17.58,0.932057922366276
17.584999999999997,0.9316752575054235
17.59,0.9312927952006022
17.595,0.930910535359052
17.599999999999998,0.9305284778879542
17.604999999999997,0.9301466226944348
17.61,0.9297649696855623
17.615,0.9293835187683506
17.619999999999997,0.9290022698497559
17.625,0.9286212228366806
17.63,0.9282403776359726
17.634999999999998,0.9278597341544246
17.639999999999997,0.9274792922987753
17.645,0.9270990519757097
17.65,0.9267190130918608
17.654999999999998,0.9263391755538071
17.659999999999997,0.9259595392680752
17.665,0.9255801041411404
17.669999999999998,0.9252008700794255
17.674999999999997,0.9248218369893029
17.68,0.9244430047770917
17.685,0.9240643733490644
17.689999999999998,0.9236859426114405
17.694999999999997,0.9233077124703902
17.7,0.9229296828320344
17.705,0.922551853602446
17.709999999999997,0.9221742246876479
17.715,0.9217967959936157
17.72,0.9214195674262767
17.724999999999998,0.9210425388915111
17.729999999999997,0.9206657102951514
17.735,0.9202890815429834
17.74,0.9199126525407474
17.744999999999997,0.9195364231941366
17.749999999999996,0.9191603934087996
17.755,0.918784563090339
17.759999999999998,0.9184089321443121
17.764999999999997,0.9180335004762326
17.77,0.9176582679915692
17.775,0.9172832345957483
17.779999999999998,0.9169084001941505
17.784999999999997,0.9165337646921154
17.79,0.9161593279949383
17.794999999999998,0.9157850900078731
17.799999999999997,0.9154110506361314
17.805,0.9150372097848827
17.81,0.9146635673592556
17.814999999999998,0.9142901232643378
17.819999999999997,0.9139168774051762
17.825,0.9135438296867769
17.83,0.9131709800141072
17.834999999999997,0.9127983282920941
17.84,0.9124258744256246
17.845,0.9120536183195487
17.849999999999998,0.9116815598786758
17.854999999999997,0.9113096990077789
17.86,0.9109380356115913
17.865,0.9105665695948104
17.869999999999997,0.9101953008620958
17.874999999999996,0.9098242293180692
17.88,0.9094533548673174
17.884999999999998,0.9090826774143905
17.889999999999997,0.908712196863802
17.895,0.9083419131200305
17.9,0.9079718260875194
17.904999999999998,0.907601935670677
17.909999999999997,0.9072322417738776
17.915,0.9068627443014602
17.919999999999998,0.9064934431577311
17.924999999999997,0.9061243382469621
17.93,0.9057554294733924
17.935,0.905386716741228
17.939999999999998,0.9050181999546423
17.944999999999997,0.9046498790177764
17.95,0.9042817538347396
17.955,0.9039138243096095
17.959999999999997,0.9035460903464323
17.965,0.9031785518492231
17.97,0.9028112087219667
17.974999999999998,0.9024440608686173
17.979999999999997,0.9020771081930989
17.985,0.9017103505993055
17.99,0.9013437879911027
17.994999999999997,0.9009774202723257
17.999999999999996,0.9006112473467822
18.005,0.9002452691182501
18.009999999999998,0.8998794854904794
18.014999999999997,0.8995138963671928
18.02,0.899148501652085
18.025,0.8987833012488238
18.029999999999998,0.8984182950610488
18.034999999999997,0.8980534829923749
18.04,0.8976888649463879
18.044999999999998,0.8973244408266507
18.049999999999997,0.8969602105366982
18.055,0.8965961739800395
18.06,0.8962323310601606
18.064999999999998,0.8958686816805208
18.069999999999997,0.8955052257445556
18.075,0.8951419631556755
18.08,0.894778893817268
18.084999999999997,0.8944160176326957
18.09,0.8940533345052982
18.095,0.893690844338393
18.099999999999998,0.8933285470352731
18.104999999999997,0.8929664424992093
18.11,0.8926045306334507
18.115,0.8922428113412243
18.119999999999997,0.8918812845257346
18.124999999999996,0.8915199500901658
18.13,0.8911588079376797
18.134999999999998,0.8907978579714184
18.139999999999997,0.8904371000945028
18.145,0.8900765342100326
18.15,0.8897161602210892
18.154999999999998,0.8893559780307334
18.159999999999997,0.888995987542006
18.165,0.8886361886579288
18.169999999999998,0.888276581281506
18.174999999999997,0.8879171653157208
18.18,0.8875579406635395
18.185,0.8871989072279106
18.189999999999998,0.8868400649117637
18.194999999999997,0.8864814136180108
18.2,0.8861229532495475
18.205,0.8857646837092511
18.209999999999997,0.8854066048999838
18.215,0.8850487167245893
18.22,0.8846910190858966
18.224999999999998,0.8843335118867184
18.229999999999997,0.8839761950298505
18.235,0.8836190684180742
18.24,0.8832621319541558
18.244999999999997,0.8829053855408466
18.249999999999996,0.8825488290808825
18.255,0.8821924624769852
18.259999999999998,0.8818362856318626
18.264999999999997,0.8814802984482085
18.27,0.8811245008287024
18.275,0.8807688926760114
18.279999999999998,0.8804134738927892
18.284999999999997,0.880058244381676
18.29,0.8797032040452997
18.294999999999998,0.8793483527862757
18.299999999999997,0.8789936905072078
18.305,0.8786392171106863
18.31,0.8782849324992918
18.314999999999998,0.8779308365755927
18.319999999999997,0.8775769292421458
18.325,0.8772232104014968
18.33,0.8768696799561817
18.334999999999997,0.8765163378087257
18.34,0.8761631838616434
18.345,0.8758102180174396
18.349999999999998,0.8754574401786098
18.354999999999997,0.8751048502476393
18.36,0.8747524481270047
18.365,0.8744002337191736
18.369999999999997,0.8740482069266046
18.374999999999996,0.8736963676517475
18.38,0.8733447157970449
18.384999999999998,0.8729932512649297
18.389999999999997,0.8726419739578287
18.395,0.8722908837781594
18.4,0.8719399806283337
18.404999999999998,0.871589264410755
18.409999999999997,0.8712387350278205
18.415,0.8708883923819202
18.419999999999998,0.8705382363754381
18.424999999999997,0.8701882669107525
18.43,0.8698384838902341
18.435,0.8694888872162497
18.439999999999998,0.8691394767911593
18.444999999999997,0.8687902525173178
18.45,0.8684412142970755
18.455,0.8680923620327776
18.459999999999997,0.8677436956267646
18.465,0.8673952149813721
18.47,0.8670469199989331
18.474999999999998,0.8666988105817743
18.479999999999997,0.8663508866322207
18.485,0.8660031480525925
18.49,0.8656555947452069
18.494999999999997,0.8653082266123793
18.499999999999996,0.8649610435564193
18.505,0.8646140454796365
18.509999999999998,0.8642672322843371
18.514999999999997,0.8639206038728251
18.52,0.8635741601474016
18.525,0.8632279010103675
18.529999999999998,0.8628818263640216
18.534999999999997,0.86253593611066
18.54,0.8621902301525791
18.544999999999998,0.8618447083920738
18.549999999999997,0.8614993707314382
18.555,0.8611542170729657
18.56,0.86080924731895
18.564999999999998,0.860464461371684
18.569999999999997,0.8601198591334609
18.575,0.8597754405065731
18.58,0.8594312053933156
18.584999999999997,0.859087153695983
18.59,0.8587432853168697
18.595,0.8583996001582729
18.599999999999998,0.8580560981224898
18.605,0.8577127791118201
18.61,0.8573696430285643
18.615,0.8570266897750254
18.619999999999997,0.8566839192535075
18.625,0.8563413313663183
18.63,0.8559989260157671
18.634999999999998,0.8556567031041661
18.64,0.85531466253383
18.645,0.8549728042070773
18.65,0.8546311280262289
18.654999999999998,0.8542896338936096
18.66,0.8539483217115476
18.665,0.853607191382375
18.669999999999998,0.8532662428084282
18.675,0.8529254758920474
18.68,0.852584890535577
18.685,0.8522444866413665
18.689999999999998,0.8519042641117702
18.695,0.8515642228491465
18.7,0.8512243627558596
18.705,0.8508846837342794
18.709999999999997,0.8505451856867803
18.715,0.8502058685157426
18.72,0.8498667321235536
18.724999999999998,0.849527776412605
18.73,0.8491890012852958
18.735,0.8488504066440314
18.74,0.8485119923912237
18.744999999999997,0.8481737584292903
18.75,0.847835704660657
18.755,0.847497830987757
18.759999999999998,0.84716013731303
18.765,0.8468226235389226
18.77,0.8464852895678905
18.775,0.846148135302397
18.779999999999998,0.8458111606449122
18.785,0.8454743654979154
18.79,0.8451377497638943
18.794999999999998,0.8448013133453451
18.8,0.8444650561447717
18.805,0.844128978064689
18.81,0.8437930790076184
18.814999999999998,0.8434573588760923
18.82,0.8431218175726517
18.825,0.8427864549998482
18.83,0.8424512710602415
18.834999999999997,0.8421162656564029
18.84,0.8417814386909117
18.845,0.84144679006636
18.849999999999998,0.8411123196853483
18.855,0.8407780274504886
18.86,0.8404439132644034
18.865,0.840109977029726
18.869999999999997,0.8397762186491008
18.875,0.8394426380251834
18.88,0.8391092350606413
18.884999999999998,0.8387760096581526
18.89,0.8384429617204079
18.895,0.8381100911501095
18.9,0.8377773978499715
18.904999999999998,0.8374448817227205
18.91,0.8371125426710947
18.915,0.836780380597846
18.919999999999998,0.8364483954057385
18.924999999999997,0.8361165869975484
18.93,0.8357849552760654
18.935,0.835453500144093
18.939999999999998,0.8351222215044471
18.945,0.8347911192599573
18.95,0.8344601933134672
18.955,0.8341294435678335
18.959999999999997,0.8337988699259268
18.965,0.8334684722906323
18.97,0.8331382505648491
18.974999999999998,0.8328082046514913
18.98,0.8324783344534862
18.985,0.8321486398737771
18.99,0.8318191208153211
18.994999999999997,0.8314897771810907
19.0,0.8311606088740737
19.005,0.8308316157972728
19.009999999999998,0.8305027978537066
19.015,0.8301741549464083
19.02,0.8298456869784278
19.025,0.8295173938528306
19.029999999999998,0.8291892754726978
19.035,0.8288613317411266
19.04,0.8285335625612312
19.044999999999998,0.8282059678361419
19.049999999999997,0.8278785474690047
19.055,0.8275513013629833
19.06,0.8272242294212583
19.064999999999998,0.8268973315470268
19.07,0.826570607643503
19.075,0.8262440576139188
19.08,0.825917681361523
19.084999999999997,0.8255914787895823
19.09,0.8252654498013807
19.095,0.8249395943002209
19.099999999999998,0.8246139121894225
19.105,0.8242884033723233
19.11,0.8239630677522805
19.115,0.8236379052326684
19.119999999999997,0.82331291571688
19.125,0.8229880991083276
19.13,0.8226634553104418
19.134999999999998,0.8223389842266718
19.14,0.822014685760486
19.145,0.8216905598153728
19.15,0.8213666062948389
19.154999999999998,0.8210428251024107
19.16,0.8207192161416343
19.165,0.8203957793160752
19.169999999999998,0.8200725145293194
19.174999999999997,0.8197494216849719
19.18,0.8194265006866581
19.185,0.8191037514380244
19.189999999999998,0.8187811738427364
19.195,0.8184587678044808
19.2,0.8181365332269649
19.205,0.8178144700139164
19.209999999999997,0.8174925780690838
19.215,0.8171708572962368
19.22,0.8168493075991667
19.224999999999998,0.8165279288816847
19.23,0.8162067210476244
19.235,0.8158856840008408
19.24,0.8155648176452098
19.244999999999997,0.8152441218846295
19.25,0.8149235966230197
19.255,0.8146032417643226
19.259999999999998,0.814283057212502
19.265,0.8139630428715432
19.27,0.8136431986454556
19.275,0.8133235244382695
19.279999999999998,0.8130040201540382
19.285,0.8126846856968376
19.29,0.8123655209707668
19.294999999999998,0.8120465258799474
19.299999999999997,0.8117277003285236
19.305,0.8114090442206637
19.31,0.8110905574605588
19.314999999999998,0.8107722399524233
19.32,0.8104540916004945
19.325,0.8101361123090347
19.33,0.8098183019823293
19.334999999999997,0.8095006605246864
19.34,0.8091831878404389
19.345,0.8088658838339446
19.349999999999998,0.8085487484095844
19.355,0.8082317814717631
19.36,0.8079149829249114
19.365,0.8075983526734835
19.369999999999997,0.8072818906219575
19.375,0.8069655966748374
19.38,0.8066494707366519
19.384999999999998,0.8063335127119543
19.39,0.8060177225053224
19.395,0.8057021000213601
19.4,0.8053866451646965
19.404999999999998,0.8050713578399854
19.41,0.8047562379519062
19.415,0.8044412854051646
19.419999999999998,0.8041265001044909
19.424999999999997,0.803811881954642
19.43,0.8034974308604003
19.435,0.8031831467265744
19.439999999999998,0.8028690294579991
19.445,0.8025550789595348
19.45,0.802241295136069
19.455,0.8019276778925148
19.459999999999997,0.8016142271338127
19.465,0.8013009427649289
19.47,0.8009878246908569
19.474999999999998,0.8006748728166166
19.48,0.8003620870472558
19.485,0.8000494672878479
19.49,0.7997370134434943
19.494999999999997,0.7994247254193237
19.5,0.7991126031204909
19.505,0.7988006464521799
19.509999999999998,0.7984888553196013
19.515,0.7981772296279924
19.52,0.7978657692826205
19.525,0.7975544741887787
19.529999999999998,0.7972433442517884
19.535,0.7969323793769991
19.54,0.7966215794697891
19.544999999999998,0.7963109444355638
19.549999999999997,0.796000474179758
19.555,0.795690168607833
19.56,0.795380027625281
19.564999999999998,0.7950700511376212
19.57,0.7947602390504015
19.575,0.7944505912691994
19.58,0.79414110769962
19.584999999999997,0.7938317882472986
19.59,0.7935226328178983
19.595,0.7932136413171127
19.599999999999998,0.7929048136506635
19.605,0.7925961497243016
19.61,0.7922876494438086
19.615,0.791979312714994
19.619999999999997,0.791671139443698
19.625,0.7913631295357892
19.63,0.7910552828971679
19.634999999999998,0.7907475994337624
19.64,0.7904400790515312
19.645,0.7901327216564638
19.65,0.789825527154579
19.654999999999998,0.7895184954519259
19.66,0.7892116264545835
19.665,0.7889049200686622
19.669999999999998,0.788598376200302
19.674999999999997,0.7882919947556735
19.68,0.7879857756409774
19.685,0.7876797187624465
19.689999999999998,0.7873738240263434
19.695,0.7870680913389613
19.7,0.786762520606625
19.705,0.7864571117356901
19.709999999999997,0.7861518646325429
19.715,0.7858467792036017
19.72,0.7855418553553151
19.724999999999998,0.7852370929941639
19.73,0.7849324920266596
19.735,0.7846280523593459
19.74,0.7843237738987976
19.744999999999997,0.7840196565516212
19.75,0.783715700224455
19.755,0.7834119048239696
19.759999999999998,0.7831082702568669
19.765,0.7828047964298807
19.77,0.7825014832497773
19.775,0.7821983306233551
19.779999999999998,0.7818953384574446
19.785,0.7815925066589079
19.79,0.7812898351346411
19.794999999999998,0.7809873237915714
19.799999999999997,0.7806849725366587
19.805,0.7803827812768958
19.81,0.780080749919308
19.814999999999998,0.7797788783709536
19.82,0.7794771665389233
19.825,0.7791756143303413
19.83,0.7788742216523642
19.834999999999997,0.7785729884121817
19.84,0.7782719145170168
19.845,0.7779709998741259
19.849999999999998,0.777670244390798
19.855,0.7773696479743563
19.86,0.7770692105321563
19.865,0.7767689319715883
19.869999999999997,0.7764688122000752
19.875,0.7761688511250737
19.88,0.7758690486540742
19.884999999999998,0.7755694046946014
19.889999999999997,0.7752699191542127
19.895,0.7749705919405002
19.9,0.7746714229610904
19.904999999999998,0.7743724121236427
19.91,0.7740735593358513
19.915,0.7737748645054445
19.919999999999998,0.7734763275401847
19.924999999999997,0.7731779483478687
19.93,0.7728797268363276
19.935,0.7725816629134273
19.939999999999998,0.7722837564870678
19.945,0.7719860074651833
19.95,0.771688415755744
19.955,0.7713909812667533
19.959999999999997,0.7710937039062501
19.965,0.7707965835823082
19.97,0.7704996202030362
19.974999999999998,0.7702028136765777
19.98,0.7699061639111104
19.985,0.7696096708148493
19.99,0.7693133342960422
19.994999999999997,0.7690171542629737
20.0,0.7687211306239626
