eta,exact,cq,relative_error
0.0,-0.0,0.0,0.0
0.001,-0.0009990009990009992,-0.000999,1e-06
0.002,-0.001996007984031936,-0.001996,4e-06
0.003,-0.0029910269192422734,-0.002991,9e-06
0.004,-0.00398406374501992,-0.003984,1.6e-05
0.005,-0.0049751243781094535,-0.004975,2.5e-05
0.006,-0.005964214711729622,-0.0059640000000000006,3.6e-05
0.007,-0.006951340615690169,-0.006951,4.9000000000000005e-05
0.008,-0.007936507936507936,-0.007936,6.4e-05
0.009000000000000001,-0.0089197224975223,-0.008919000000000002,8.100000000000002e-05
0.01,-0.009900990099009901,-0.0099,0.0001
0.011,-0.010880316518298714,-0.010879,0.00012099999999999999
0.012,-0.011857707509881424,-0.011856,0.000144
0.013000000000000001,-0.012833168805528136,-0.012831,0.00016900000000000004
0.014,-0.013806706114398421,-0.013804,0.00019600000000000002
0.015,-0.01477832512315271,-0.014775,0.000225
0.016,-0.015748031496062992,-0.015744,0.000256
0.017,-0.016715830875122913,-0.016711,0.00028900000000000003
0.018000000000000002,-0.017681728880157174,-0.017676,0.00032400000000000007
0.019,-0.018645731108930325,-0.018639,0.000361
0.02,-0.0196078431372549,-0.0196,0.0004
0.021,-0.020568070519098924,-0.020559,0.00044100000000000004
0.022,-0.021526418786692758,-0.021516,0.00048399999999999995
0.023,-0.022482893450635387,-0.022470999999999998,0.000529
0.024,-0.0234375,-0.023424,0.000576
0.025,-0.02439024390243903,-0.024375,0.0006250000000000001
0.026000000000000002,-0.0253411306042885,-0.025324000000000003,0.0006760000000000002
0.027,-0.02629016553067186,-0.026271,0.0007289999999999999
0.028,-0.027237354085603113,-0.027216,0.0007840000000000001
0.029,-0.02818270165208941,-0.028159,0.0008410000000000001
0.03,-0.029126213592233007,-0.029099999999999997,0.0009
0.031,-0.03006789524733269,-0.030039,0.0009609999999999999
0.032,-0.031007751937984496,-0.030976,0.001024
0.033,-0.031945788964182,-0.031911,0.0010890000000000001
0.034,-0.03288201160541586,-0.032844000000000005,0.0011560000000000001
0.035,-0.03381642512077295,-0.033775000000000006,0.0012250000000000002
0.036000000000000004,-0.03474903474903475,-0.034704000000000006,0.0012960000000000003
0.037,-0.03567984570877531,-0.035630999999999996,0.0013689999999999998
0.038,-0.036608863198458574,-0.036556,0.001444
0.039,-0.03753609239653513,-0.037479,0.001521
0.04,-0.038461538461538464,-0.038400000000000004,0.0016
0.041,-0.0393852065321806,-0.039319,0.0016810000000000002
0.042,-0.04030710172744722,-0.040236,0.0017640000000000002
0.043000000000000003,-0.04122722914669224,-0.041151,0.0018490000000000004
0.044,-0.042145593869731796,-0.042064,0.0019359999999999998
0.045,-0.0430622009569378,-0.042975,0.002025
0.046,-0.04397705544933078,-0.043884,0.002116
0.047,-0.0448901623686724,-0.044791,0.002209
0.048,-0.04580152671755725,-0.045696,0.002304
0.049,-0.046711153479504296,-0.046599,0.0024010000000000004
0.05,-0.047619047619047616,-0.0475,0.0025000000000000005
0.051000000000000004,-0.04852521408182684,-0.048399000000000005,0.0026010000000000004
0.052000000000000005,-0.049429657794676805,-0.049296000000000006,0.0027040000000000007
0.053,-0.050332383665717004,-0.050191,0.002809
0.054,-0.051233396584440226,-0.051084,0.0029159999999999998
0.055,-0.05213270142180095,-0.051975,0.003025
0.056,-0.05303030303030303,-0.052864,0.0031360000000000003
0.057,-0.05392620624408705,-0.053751,0.003249
0.058,-0.054820415879017016,-0.054636000000000004,0.0033640000000000002
0.059000000000000004,-0.05571293673276677,-0.055519000000000006,0.0034810000000000006
0.06,-0.056603773584905655,-0.0564,0.0036
0.061,-0.05749293119698398,-0.057279,0.003721
0.062,-0.0583804143126177,-0.058156,0.0038439999999999998
0.063,-0.05926622765757291,-0.059031,0.003969
0.064,-0.06015037593984962,-0.059904,0.004096
0.065,-0.061032863849765265,-0.060775,0.0042250000000000005
0.066,-0.06191369606003752,-0.061644000000000004,0.0043560000000000005
0.067,-0.06279287722586692,-0.062511,0.004489000000000001
0.068,-0.06367041198501873,-0.063376,0.0046240000000000005
0.069,-0.06454630495790459,-0.064239,0.0047610000000000005
0.07,-0.06542056074766356,-0.0651,0.004900000000000001
0.07100000000000001,-0.06629318394024278,-0.065959,0.005041000000000001
0.07200000000000001,-0.06716417910447761,-0.06681600000000001,0.005184000000000001
0.073,-0.06803355079217148,-0.067671,0.0053289999999999995
0.074,-0.06890130353817504,-0.068524,0.005475999999999999
0.075,-0.06976744186046512,-0.06937499999999999,0.005625
0.076,-0.07063197026022304,-0.070224,0.005776
0.077,-0.07149489322191273,-0.071071,0.005929
0.078,-0.07235621521335807,-0.071916,0.006084
0.079,-0.07321594068582021,-0.072759,0.006241
0.08,-0.07407407407407407,-0.0736,0.0064
0.081,-0.07493061979648474,-0.074439,0.006561
0.082,-0.07578558225508318,-0.07527600000000001,0.006724000000000001
0.083,-0.07663896583564174,-0.076111,0.006889000000000001
0.084,-0.07749077490774908,-0.076944,0.007056000000000001
0.085,-0.0783410138248848,-0.07777500000000001,0.007225000000000001
0.08600000000000001,-0.07918968692449356,-0.07860400000000001,0.0073960000000000015
0.08700000000000001,-0.08003679852805888,-0.079431,0.007569000000000001
0.088,-0.08088235294117646,-0.080256,0.007743999999999999
0.089,-0.08172635445362718,-0.081079,0.007921
0.09,-0.08256880733944953,-0.0819,0.0081
0.091,-0.08340971585701192,-0.082719,0.008281
0.092,-0.08424908424908424,-0.083536,0.008464
0.093,-0.08508691674290943,-0.084351,0.008649
0.094,-0.08592321755027421,-0.085164,0.008836
0.095,-0.08675799086757992,-0.085975,0.009025
0.096,-0.0875912408759124,-0.086784,0.009216
0.097,-0.08842297174111213,-0.087591,0.009409
0.098,-0.08925318761384335,-0.088396,0.009604000000000001
0.099,-0.09008189262966333,-0.089199,0.009801
0.1,-0.09090909090909091,-0.09,0.010000000000000002
0.101,-0.09173478655767485,-0.090799,0.010201000000000002
0.10200000000000001,-0.0925589836660617,-0.09159600000000001,0.010404000000000002
0.10300000000000001,-0.09338168631006347,-0.092391,0.010609000000000002
0.10400000000000001,-0.09420289855072464,-0.093184,0.010816000000000003
0.105,-0.09502262443438914,-0.093975,0.011024999999999998
0.106,-0.09584086799276671,-0.094764,0.011236
0.107,-0.0966576332429991,-0.095551,0.011448999999999999
0.108,-0.09747292418772563,-0.096336,0.011663999999999999
0.109,-0.09828674481514878,-0.097119,0.011881
0.11,-0.09909909909909909,-0.0979,0.0121
0.111,-0.09990999099909992,-0.098679,0.012321
0.112,-0.10071942446043165,-0.099456,0.012544000000000001
0.113,-0.10152740341419587,-0.100231,0.012769
0.114,-0.1023339317773788,-0.10100400000000001,0.012996
0.115,-0.1031390134529148,-0.101775,0.013225
0.116,-0.1039426523297491,-0.10254400000000001,0.013456000000000001
0.117,-0.10474485228290063,-0.103311,0.013689000000000002
0.11800000000000001,-0.10554561717352415,-0.104076,0.013924000000000002
0.11900000000000001,-0.1063449508489723,-0.104839,0.014161000000000002
0.12,-0.10714285714285712,-0.1056,0.0144
0.121,-0.1079393398751115,-0.106359,0.014641
0.122,-0.10873440285204992,-0.107116,0.014884
0.123,-0.10952804986642921,-0.107871,0.015129
0.124,-0.11032028469750889,-0.108624,0.015375999999999999
0.125,-0.1111111111111111,-0.109375,0.015625
0.126,-0.1119005328596803,-0.110124,0.015876
0.127,-0.1126885536823425,-0.110871,0.016129
0.128,-0.11347517730496454,-0.111616,0.016384
0.129,-0.11426040744021258,-0.112359,0.016641
0.13,-0.11504424778761063,-0.1131,0.016900000000000002
0.131,-0.11582670203359859,-0.113839,0.017161000000000003
0.132,-0.1166077738515901,-0.11457600000000001,0.017424000000000002
0.133,-0.11738746690203002,-0.115311,0.017689000000000003
0.134,-0.11816578483245152,-0.11604400000000001,0.017956000000000003
0.135,-0.11894273127753305,-0.116775,0.018225
0.136,-0.11971830985915492,-0.11750400000000001,0.018496000000000002
0.137,-0.12049252418645559,-0.118231,0.018769000000000004
0.138,-0.12126537785588755,-0.118956,0.019044000000000002
0.139,-0.12203687445127305,-0.11967900000000001,0.019321000000000005
0.14,-0.12280701754385964,-0.12040000000000001,0.019600000000000003
0.14100000000000001,-0.12357581069237512,-0.121119,0.019881000000000003
0.14200000000000002,-0.12434325744308233,-0.12183600000000001,0.020164000000000005
0.14300000000000002,-0.12510936132983377,-0.12255100000000001,0.020449000000000005
0.14400000000000002,-0.1258741258741259,-0.12326400000000001,0.020736000000000004
0.145,-0.12663755458515283,-0.12397499999999999,0.021025
0.146,-0.1273996509598604,-0.12468399999999999,0.021315999999999998
0.147,-0.1281604184829991,-0.125391,0.021608999999999996
0.148,-0.1289198606271777,-0.12609599999999999,0.021903999999999996
0.149,-0.12967798085291557,-0.126799,0.022201
0.15,-0.13043478260869565,-0.1275,0.0225
0.151,-0.1311902693310165,-0.128199,0.022801
0.152,-0.13194444444444445,-0.128896,0.023104
0.153,-0.1326973113616652,-0.129591,0.023409
0.154,-0.13344887348353554,-0.130284,0.023716
0.155,-0.1341991341991342,-0.130975,0.024025
0.156,-0.13494809688581316,-0.131664,0.024336
0.157,-0.13569576490924806,-0.132351,0.024649
0.158,-0.13644214162348878,-0.133036,0.024964
0.159,-0.1371872303710095,-0.133719,0.025281
0.16,-0.13793103448275865,-0.1344,0.0256
0.161,-0.13867355727820843,-0.135079,0.025921000000000003
0.162,-0.1394148020654045,-0.13575600000000002,0.026244
0.163,-0.14015477214101463,-0.136431,0.026569000000000002
0.164,-0.14089347079037803,-0.137104,0.026896000000000003
0.165,-0.14163090128755365,-0.137775,0.027225000000000003
0.166,-0.1423670668953688,-0.138444,0.027556000000000004
0.167,-0.14310197086546703,-0.139111,0.027889000000000004
0.168,-0.14383561643835618,-0.139776,0.028224000000000003
0.169,-0.14456800684345594,-0.140439,0.028561000000000003
0.17,-0.1452991452991453,-0.1411,0.028900000000000006
0.171,-0.14602903501280956,-0.14175900000000002,0.029241000000000003
0.17200000000000001,-0.1467576791808874,-0.14241600000000001,0.029584000000000006
0.17300000000000001,-0.1474850809889173,-0.143071,0.029929000000000004
0.17400000000000002,-0.14821124361158436,-0.14372400000000002,0.030276000000000004
0.17500000000000002,-0.14893617021276598,-0.144375,0.030625000000000006
0.176,-0.14965986394557823,-0.145024,0.030975999999999997
0.177,-0.1503823279524214,-0.145671,0.031328999999999996
0.178,-0.15110356536502548,-0.146316,0.031684
0.179,-0.15182357930449533,-0.146959,0.032041
0.18,-0.15254237288135594,-0.1476,0.0324
0.181,-0.15325994919559693,-0.148239,0.032761
0.182,-0.15397631133671744,-0.148876,0.033124
0.183,-0.15469146238377007,-0.149511,0.033489
0.184,-0.1554054054054054,-0.150144,0.033856
0.185,-0.1561181434599156,-0.150775,0.034225
0.186,-0.15682967959527824,-0.15140399999999998,0.034596
0.187,-0.15754001684919966,-0.152031,0.034969
0.188,-0.15824915824915825,-0.15265600000000001,0.035344
0.189,-0.15895710681244743,-0.153279,0.035721
0.19,-0.1596638655462185,-0.1539,0.0361
0.191,-0.16036943744752308,-0.15451900000000002,0.036481
0.192,-0.16107382550335572,-0.155136,0.036864
0.193,-0.1617770326906957,-0.155751,0.037249000000000004
0.194,-0.16247906197654943,-0.156364,0.037636
0.195,-0.16317991631799164,-0.156975,0.038025
0.196,-0.16387959866220736,-0.157584,0.038416000000000006
0.197,-0.164578111946533,-0.158191,0.038809
0.198,-0.1652754590984975,-0.158796,0.039204
0.199,-0.16597164303586323,-0.159399,0.039601000000000004
0.2,-0.16666666666666669,-0.16,0.04000000000000001
0.201,-0.16736053288925895,-0.160599,0.040401000000000006
0.202,-0.1680532445923461,-0.161196,0.04080400000000001
0.203,-0.16874480465502908,-0.16179100000000002,0.041209
0.20400000000000001,-0.16943521594684388,-0.162384,0.04161600000000001
0.20500000000000002,-0.17012448132780084,-0.162975,0.04202500000000001
0.20600000000000002,-0.17081260364842457,-0.16356400000000001,0.04243600000000001
0.20700000000000002,-0.17149958574979288,-0.16415100000000002,0.042849000000000005
0.20800000000000002,-0.17218543046357618,-0.164736,0.04326400000000001
0.209,-0.1728701406120761,-0.165319,0.043681
0.21,-0.17355371900826447,-0.1659,0.04409999999999999
0.211,-0.17423616845582163,-0.166479,0.044521
0.212,-0.17491749174917492,-0.16705599999999998,0.044944
0.213,-0.17559769167353667,-0.167631,0.045369
0.214,-0.17627677100494235,-0.168204,0.045795999999999996
0.215,-0.17695473251028807,-0.168775,0.046224999999999995
0.216,-0.17763157894736842,-0.169344,0.046655999999999996
0.217,-0.1783073130649137,-0.169911,0.047089
0.218,-0.17898193760262726,-0.17047600000000002,0.047524
0.219,-0.1796554552912223,-0.171039,0.047961
0.22,-0.18032786885245902,-0.1716,0.0484
0.221,-0.180999180999181,-0.172159,0.048841
0.222,-0.18166939443535188,-0.172716,0.049284
0.223,-0.18233851185609157,-0.173271,0.049729
0.224,-0.18300653594771243,-0.173824,0.050176000000000005
0.225,-0.18367346938775508,-0.174375,0.050625
0.226,-0.18433931484502447,-0.174924,0.051076
0.227,-0.1850040749796251,-0.175471,0.051529000000000005
0.228,-0.18566775244299674,-0.176016,0.051984
0.229,-0.18633034987794955,-0.17655900000000002,0.052441
0.23,-0.1869918699186992,-0.1771,0.0529
0.231,-0.1876523151909017,-0.177639,0.053361000000000006
0.232,-0.18831168831168832,-0.178176,0.053824000000000004
0.233,-0.1889699918896999,-0.178711,0.054289000000000004
0.234,-0.18962722852512157,-0.17924400000000001,0.054756000000000006
0.23500000000000001,-0.1902834008097166,-0.17977500000000002,0.05522500000000001
0.23600000000000002,-0.19093851132686085,-0.18030400000000002,0.05569600000000001
0.23700000000000002,-0.1915925626515764,-0.18083100000000002,0.05616900000000001
0.23800000000000002,-0.19224555735056545,-0.18135600000000002,0.05664400000000001
0.23900000000000002,-0.19289749798224373,-0.181879,0.05712100000000001
0.24,-0.1935483870967742,-0.1824,0.0576
0.241,-0.1941982272360999,-0.182919,0.058080999999999994
0.242,-0.19484702093397746,-0.183436,0.058564
0.243,-0.19549477071600968,-0.183951,0.059049
0.244,-0.19614147909967844,-0.184464,0.059536
0.245,-0.1967871485943775,-0.184975,0.060024999999999995
0.246,-0.19743178170144463,-0.18548399999999998,0.060516
0.247,-0.19807538091419408,-0.185991,0.061009
0.248,-0.1987179487179487,-0.186496,0.061503999999999996
0.249,-0.19935948759007205,-0.186999,0.062001
0.25,-0.2,-0.1875,0.0625
0.251,-0.2006394884092726,-0.187999,0.063001
0.252,-0.2012779552715655,-0.188496,0.063504
0.253,-0.20191540303272146,-0.18899100000000002,0.064009
0.254,-0.2025518341307815,-0.18948399999999999,0.064516
0.255,-0.20318725099601595,-0.189975,0.065025
0.256,-0.20382165605095542,-0.19046400000000002,0.065536
0.257,-0.20445505171042164,-0.190951,0.066049
0.258,-0.20508744038155804,-0.191436,0.066564
0.259,-0.20571882446386022,-0.191919,0.067081
0.26,-0.20634920634920637,-0.19240000000000002,0.06760000000000001
0.261,-0.20697858842188738,-0.19287900000000002,0.068121
0.262,-0.2076069730586371,-0.193356,0.06864400000000001
0.263,-0.20823436262866193,-0.193831,0.06916900000000001
0.264,-0.2088607594936709,-0.194304,0.06969600000000001
0.265,-0.20948616600790512,-0.194775,0.07022500000000001
0.266,-0.21011058451816747,-0.195244,0.07075600000000001
0.267,-0.21073401736385164,-0.19571100000000002,0.071289
0.268,-0.21135646687697163,-0.19617600000000002,0.07182400000000001
0.269,-0.2119779353821907,-0.196639,0.07236100000000001
0.27,-0.2125984251968504,-0.1971,0.0729
0.271,-0.21321793863099925,-0.197559,0.073441
0.272,-0.2138364779874214,-0.19801600000000003,0.07398400000000001
0.273,-0.21445404556166536,-0.198471,0.07452900000000001
0.274,-0.21507064364207223,-0.198924,0.07507600000000002
0.275,-0.21568627450980396,-0.19937500000000002,0.07562500000000001
0.276,-0.2163009404388715,-0.199824,0.07617600000000001
0.277,-0.21691464369616287,-0.200271,0.07672900000000002
0.278,-0.21752738654147105,-0.200716,0.07728400000000002
0.279,-0.21813917122752152,-0.201159,0.07784100000000002
0.28,-0.21875000000000003,-0.2016,0.07840000000000001
0.281,-0.21935987509758,-0.20203900000000002,0.07896100000000002
0.28200000000000003,-0.2199687987519501,-0.20247600000000002,0.07952400000000001
0.28300000000000003,-0.22057677318784102,-0.202911,0.08008900000000002
0.28400000000000003,-0.22118380062305298,-0.20334400000000002,0.08065600000000002
0.28500000000000003,-0.22178988326848248,-0.203775,0.08122500000000002
0.28600000000000003,-0.2223950233281493,-0.204204,0.08179600000000002
0.28700000000000003,-0.22299922299922303,-0.204631,0.08236900000000003
0.28800000000000003,-0.22360248447204972,-0.20505600000000002,0.08294400000000002
0.289,-0.22420480993017844,-0.205479,0.08352099999999998
0.29,-0.22480620155038758,-0.20589999999999997,0.0841
0.291,-0.22540666150271108,-0.20631899999999997,0.08468099999999999
0.292,-0.22600619195046437,-0.20673599999999998,0.08526399999999999
0.293,-0.22660479505027067,-0.20715099999999997,0.085849
0.294,-0.22720247295208654,-0.207564,0.08643599999999999
0.295,-0.2277992277992278,-0.207975,0.08702499999999999
0.296,-0.22839506172839505,-0.208384,0.08761599999999999
0.297,-0.2289899768696993,-0.208791,0.088209
0.298,-0.2295839753466872,-0.209196,0.088804
0.299,-0.23017705927636645,-0.20959899999999998,0.089401
0.3,-0.23076923076923075,-0.21,0.09
0.301,-0.23136049192928518,-0.210399,0.09060099999999999
0.302,-0.23195084485407064,-0.21079599999999998,0.091204
0.303,-0.23254029163468917,-0.211191,0.091809
0.304,-0.2331288343558282,-0.211584,0.092416
0.305,-0.23371647509578544,-0.211975,0.093025
0.306,-0.23430321592649309,-0.212364,0.093636
0.307,-0.23488905891354248,-0.212751,0.094249
0.308,-0.23547400611620795,-0.213136,0.094864
0.309,-0.23605805958747136,-0.21351900000000001,0.095481
0.31,-0.23664122137404578,-0.21389999999999998,0.0961
0.311,-0.2372234935163997,-0.214279,0.096721
0.312,-0.23780487804878048,-0.214656,0.097344
0.313,-0.2383853769992384,-0.215031,0.097969
0.314,-0.2389649923896499,-0.21540399999999998,0.098596
0.315,-0.23954372623574147,-0.215775,0.09922500000000001
0.316,-0.24012158054711244,-0.216144,0.099856
0.317,-0.24069855732725892,-0.216511,0.10048900000000001
0.318,-0.24127465857359634,-0.216876,0.101124
0.319,-0.24184988627748297,-0.21723900000000002,0.101761
0.32,-0.24242424242424243,-0.21760000000000002,0.1024
0.321,-0.242997728993187,-0.217959,0.10304100000000001
0.322,-0.24357034795763993,-0.218316,0.10368400000000001
0.323,-0.24414210128495845,-0.218671,0.104329
0.324,-0.24471299093655588,-0.219024,0.104976
0.325,-0.24528301886792456,-0.219375,0.10562500000000001
0.326,-0.2458521870286576,-0.219724,0.10627600000000001
0.327,-0.24642049736247176,-0.22007100000000002,0.10692900000000001
0.328,-0.2469879518072289,-0.220416,0.10758400000000001
0.329,-0.24755455229495862,-0.220759,0.108241
0.33,-0.24812030075187969,-0.22110000000000002,0.10890000000000001
0.331,-0.24868519909842227,-0.221439,0.109561
0.332,-0.24924924924924924,-0.221776,0.11022400000000002
0.333,-0.24981245311327835,-0.222111,0.11088900000000002
0.334,-0.25037481259370314,-0.222444,0.11155600000000002
0.335,-0.250936329588015,-0.222775,0.11222500000000002
0.336,-0.25149700598802394,-0.22310400000000002,0.11289600000000001
0.337,-0.25205684367988035,-0.223431,0.11356900000000002
0.338,-0.2526158445440957,-0.223756,0.11424400000000001
0.339,-0.25317401045556387,-0.22407900000000003,0.11492100000000001
0.34,-0.2537313432835821,-0.2244,0.11560000000000002
0.341,-0.2542878448918718,-0.224719,0.11628100000000002
0.342,-0.2548435171385991,-0.225036,0.11696400000000001
0.343,-0.25539836187639614,-0.22535100000000002,0.11764900000000002
0.34400000000000003,-0.25595238095238093,-0.225664,0.11833600000000002
0.34500000000000003,-0.2565055762081785,-0.225975,0.11902500000000002
0.34600000000000003,-0.2570579494799406,-0.226284,0.11971600000000002
0.34700000000000003,-0.2576095025983668,-0.22659100000000001,0.12040900000000002
0.34800000000000003,-0.25816023738872407,-0.22689600000000001,0.12110400000000002
0.34900000000000003,-0.25871015567086736,-0.227199,0.12180100000000002
0.35000000000000003,-0.25925925925925924,-0.2275,0.12250000000000003
0.35100000000000003,-0.2598075499629904,-0.22779900000000003,0.12320100000000002
0.352,-0.2603550295857988,-0.228096,0.12390399999999999
0.353,-0.26090169992609014,-0.228391,0.12460899999999998
0.354,-0.26144756277695713,-0.228684,0.12531599999999998
0.355,-0.26199261992619927,-0.22897499999999998,0.126025
0.356,-0.2625368731563422,-0.229264,0.126736
0.357,-0.2630803242446573,-0.229551,0.12744899999999998
0.358,-0.2636229749631811,-0.22983599999999998,0.128164
0.359,-0.26416482707873434,-0.230119,0.128881
0.36,-0.2647058823529412,-0.2304,0.1296
0.361,-0.2652461425422483,-0.230679,0.130321
0.362,-0.26578560939794416,-0.230956,0.131044
0.363,-0.2663242846661775,-0.231231,0.131769
0.364,-0.2668621700879766,-0.231504,0.132496
0.365,-0.2673992673992674,-0.231775,0.13322499999999998
0.366,-0.2679355783308931,-0.232044,0.133956
0.367,-0.26847110460863205,-0.232311,0.134689
0.368,-0.2690058479532164,-0.232576,0.135424
0.369,-0.2695398100803506,-0.232839,0.136161
0.37,-0.27007299270072993,-0.2331,0.1369
0.371,-0.27060539752005836,-0.233359,0.13764099999999999
0.372,-0.2711370262390671,-0.233616,0.138384
0.373,-0.2716678805535324,-0.233871,0.139129
0.374,-0.272197962154294,-0.234124,0.139876
0.375,-0.2727272727272727,-0.234375,0.140625
0.376,-0.2732558139534884,-0.234624,0.141376
0.377,-0.2737835875090777,-0.234871,0.142129
0.378,-0.274310595065312,-0.235116,0.142884
0.379,-0.27483683828861494,-0.235359,0.143641
0.38,-0.2753623188405797,-0.2356,0.1444
0.381,-0.27588703837798695,-0.235839,0.145161
0.382,-0.276410998552822,-0.236076,0.145924
0.383,-0.2769342010122921,-0.236311,0.146689
0.384,-0.27745664739884396,-0.236544,0.147456
0.385,-0.2779783393501805,-0.236775,0.148225
0.386,-0.27849927849927847,-0.237004,0.14899600000000002
0.387,-0.2790194664744052,-0.237231,0.149769
0.388,-0.27953890489913547,-0.237456,0.150544
0.389,-0.28005759539236863,-0.237679,0.151321
0.39,-0.2805755395683453,-0.2379,0.1521
0.391,-0.28109273903666426,-0.238119,0.15288100000000002
0.392,-0.2816091954022989,-0.238336,0.15366400000000002
0.393,-0.2821249102656138,-0.238551,0.154449
0.394,-0.28263988522238165,-0.238764,0.155236
0.395,-0.2831541218637993,-0.238975,0.15602500000000002
0.396,-0.28366762177650434,-0.239184,0.156816
0.397,-0.28418038654259126,-0.239391,0.15760900000000003
0.398,-0.284692417739628,-0.239596,0.15840400000000002
0.399,-0.2852037169406719,-0.239799,0.159201
0.4,-0.28571428571428575,-0.24,0.16000000000000003
0.401,-0.2862241256245539,-0.240199,0.16080100000000003
0.402,-0.2867332382310984,-0.240396,0.16160400000000003
0.403,-0.2872416250890948,-0.240591,0.16240900000000003
0.404,-0.28774928774928776,-0.240784,0.16321600000000003
0.405,-0.28825622775800713,-0.240975,0.16402500000000003
0.406,-0.2887624466571835,-0.24116400000000002,0.164836
0.40700000000000003,-0.2892679459843639,-0.241351,0.16564900000000002
0.40800000000000003,-0.2897727272727273,-0.241536,0.16646400000000003
0.40900000000000003,-0.2902767920511001,-0.24171900000000002,0.167281
0.41000000000000003,-0.2907801418439716,-0.2419,0.16810000000000003
0.41100000000000003,-0.2912827781715096,-0.24207900000000002,0.16892100000000002
0.41200000000000003,-0.2917847025495751,-0.242256,0.16974400000000003
0.41300000000000003,-0.2922859164897382,-0.242431,0.17056900000000003
0.41400000000000003,-0.2927864214992928,-0.24260400000000001,0.17139600000000002
0.41500000000000004,-0.2932862190812721,-0.24277500000000002,0.17222500000000002
0.41600000000000004,-0.29378531073446335,-0.242944,0.17305600000000004
0.417,-0.2942836979534227,-0.243111,0.173889
0.418,-0.2947813822284908,-0.243276,0.174724
0.419,-0.2952783650458069,-0.243439,0.175561
0.42,-0.29577464788732394,-0.2436,0.17639999999999997
0.421,-0.2962702322308233,-0.243759,0.17724099999999998
0.422,-0.2967651195499297,-0.243916,0.178084
0.423,-0.2972593113141251,-0.244071,0.17892899999999998
0.424,-0.29775280898876405,-0.244224,0.179776
0.425,-0.2982456140350877,-0.244375,0.18062499999999998
0.426,-0.29873772791023845,-0.244524,0.181476
0.427,-0.29922915206727396,-0.244671,0.182329
0.428,-0.29971988795518206,-0.244816,0.18318399999999999
0.429,-0.3002099370188943,-0.244959,0.18404099999999998
0.43,-0.30069930069930073,-0.2451,0.18489999999999998
0.431,-0.30118798043326345,-0.245239,0.18576099999999998
0.432,-0.3016759776536313,-0.245376,0.18662399999999998
0.433,-0.30216329378925333,-0.245511,0.187489
0.434,-0.30264993026499304,-0.245644,0.188356
0.435,-0.30313588850174217,-0.245775,0.189225
0.436,-0.30362116991643456,-0.245904,0.190096
0.437,-0.30410577592205984,-0.246031,0.190969
0.438,-0.30458970792767737,-0.246156,0.191844
0.439,-0.3050729673384295,-0.246279,0.192721
0.44,-0.3055555555555556,-0.2464,0.1936
0.441,-0.30603747397640524,-0.246519,0.19448100000000001
0.442,-0.3065187239944522,-0.246636,0.195364
0.443,-0.306999306999307,-0.246751,0.196249
0.444,-0.3074792243767313,-0.246864,0.197136
0.445,-0.3079584775086505,-0.246975,0.198025
0.446,-0.3084370677731674,-0.247084,0.198916
0.447,-0.308914996544575,-0.247191,0.19980900000000001
0.448,-0.3093922651933702,-0.247296,0.20070400000000002
0.449,-0.30986887508626637,-0.247399,0.201601
0.45,-0.3103448275862069,-0.2475,0.2025
0.451,-0.3108201240523777,-0.247599,0.203401
0.452,-0.3112947658402204,-0.247696,0.204304
0.453,-0.3117687543014453,-0.247791,0.205209
0.454,-0.312242090784044,-0.247884,0.20611600000000002
0.455,-0.3127147766323024,-0.247975,0.20702500000000001
0.456,-0.3131868131868132,-0.248064,0.207936
0.457,-0.31365820178448867,-0.248151,0.208849
0.458,-0.3141289437585734,-0.248236,0.209764
0.459,-0.3145990404386566,-0.248319,0.210681
0.46,-0.31506849315068497,-0.2484,0.2116
0.461,-0.31553730321697465,-0.248479,0.21252100000000002
0.462,-0.31600547195622436,-0.248556,0.21344400000000002
0.463,-0.316473000683527,-0.248631,0.21436900000000003
0.464,-0.31693989071038253,-0.248704,0.21529600000000002
0.465,-0.3174061433447099,-0.248775,0.21622500000000003
0.466,-0.31787175989085953,-0.248844,0.21715600000000002
0.467,-0.3183367416496251,-0.248911,0.21808900000000003
0.468,-0.3188010899182562,-0.248976,0.21902400000000002
0.46900000000000003,-0.3192648059904697,-0.249039,0.21996100000000002
0.47000000000000003,-0.3197278911564626,-0.2491,0.22090000000000004
0.47100000000000003,-0.3201903467029232,-0.249159,0.22184100000000004
0.47200000000000003,-0.3206521739130435,-0.249216,0.22278400000000004
0.47300000000000003,-0.3211133740665309,-0.249271,0.22372900000000004
0.47400000000000003,-0.3215739484396201,-0.249324,0.22467600000000004
0.47500000000000003,-0.3220338983050848,-0.249375,0.22562500000000002
0.47600000000000003,-0.32249322493224936,-0.249424,0.22657600000000003
0.47700000000000004,-0.3229519295870007,-0.249471,0.22752900000000004
0.47800000000000004,-0.32341001353179977,-0.249516,0.22848400000000005
0.47900000000000004,-0.32386747802569305,-0.249559,0.22944100000000003
0.48,-0.32432432432432434,-0.2496,0.2304
0.481,-0.324780553679946,-0.249639,0.23136099999999998
0.482,-0.3252361673414305,-0.249676,0.23232399999999997
0.483,-0.3256911665542818,-0.249711,0.233289
0.484,-0.32614555256064687,-0.249744,0.234256
0.485,-0.3265993265993266,-0.249775,0.235225
0.486,-0.32705248990578734,-0.249804,0.236196
0.487,-0.32750504371217215,-0.249831,0.237169
0.488,-0.3279569892473118,-0.249856,0.238144
0.489,-0.32840832773673606,-0.249879,0.239121
0.49,-0.32885906040268453,-0.2499,0.24009999999999998
0.491,-0.329309188464118,-0.249919,0.241081
0.492,-0.3297587131367292,-0.249936,0.242064
0.493,-0.3302076356329538,-0.249951,0.243049
0.494,-0.33065595716198126,-0.249964,0.244036
0.495,-0.33110367892976583,-0.249975,0.245025
0.496,-0.3315508021390374,-0.249984,0.24601599999999998
0.497,-0.331997327989312,-0.249991,0.247009
0.498,-0.3324432576769025,-0.249996,0.248004
0.499,-0.3328885923949299,-0.249999,0.249001
0.5,-0.3333333333333333,-0.25,0.25
0.501,-0.33377748167888077,-0.24999900000000003,0.251001
0.502,-0.33422103861517977,-0.249996,0.252004
0.503,-0.3346640053226879,-0.24999100000000002,0.253009
0.504,-0.3351063829787234,-0.24998399999999998,0.254016
0.505,-0.3355481727574751,-0.249975,0.255025
0.506,-0.33598937583001326,-0.24996400000000002,0.256036
0.507,-0.3364299933642999,-0.24995099999999998,0.257049
0.508,-0.33687002652519893,-0.249936,0.258064
0.509,-0.33730947647448645,-0.249919,0.259081
0.51,-0.33774834437086093,-0.2499,0.2601
0.511,-0.33818663136995364,-0.24987900000000002,0.261121
0.512,-0.3386243386243386,-0.24985600000000002,0.262144
0.513,-0.33906146728354264,-0.24983100000000003,0.263169
0.514,-0.3394980184940555,-0.24980400000000003,0.264196
0.515,-0.33993399339933994,-0.24977500000000002,0.265225
0.516,-0.3403693931398417,-0.24974400000000002,0.266256
0.517,-0.3408042188529994,-0.24971100000000002,0.267289
0.518,-0.3412384716732543,-0.249676,0.268324
0.519,-0.34167215273206053,-0.249639,0.269361
0.52,-0.34210526315789475,-0.2496,0.27040000000000003
0.521,-0.34253780407626566,-0.24955899999999998,0.27144100000000004
0.522,-0.34296977660972405,-0.24951600000000002,0.272484
0.523,-0.3434011818778726,-0.249471,0.273529
0.524,-0.34383202099737536,-0.24942399999999998,0.27457600000000004
0.525,-0.34426229508196726,-0.249375,0.275625
0.526,-0.34469200524246396,-0.249324,0.27667600000000003
0.527,-0.34512115258677145,-0.24927100000000002,0.277729
0.528,-0.3455497382198953,-0.249216,0.27878400000000003
0.529,-0.34597776324395035,-0.24915900000000002,0.279841
0.53,-0.3464052287581699,-0.2491,0.28090000000000004
0.531,-0.3468321358589157,-0.249039,0.281961
0.532,-0.3472584856396867,-0.24897599999999998,0.28302400000000005
0.533,-0.34768427919112854,-0.248911,0.28408900000000004
0.534,-0.34810951760104303,-0.248844,0.285156
0.535,-0.3485342019543974,-0.24877500000000002,0.286225
0.536,-0.34895833333333337,-0.24870399999999998,0.28729600000000005
0.537,-0.34938191281717634,-0.248631,0.28836900000000004
0.538,-0.34980494148244473,-0.248556,0.28944400000000003
0.539,-0.350227420402859,-0.248479,0.29052100000000003
0.54,-0.35064935064935066,-0.2484,0.2916
0.541,-0.35107073329007144,-0.248319,0.292681
0.542,-0.3514915693904021,-0.248236,0.293764
0.543,-0.35191186001296176,-0.248151,0.294849
0.544,-0.3523316062176166,-0.248064,0.29593600000000003
0.545,-0.3527508090614887,-0.247975,0.29702500000000004
0.546,-0.3531694695989651,-0.247884,0.29811600000000005
0.547,-0.3535875888817065,-0.24779099999999998,0.29920900000000006
0.548,-0.35400516795865633,-0.24769599999999997,0.30030400000000007
0.549,-0.3544222078760491,-0.247599,0.30140100000000003
0.55,-0.3548387096774194,-0.2475,0.30250000000000005
0.551,-0.3552546744036106,-0.24739899999999998,0.30360100000000007
0.552,-0.3556701030927835,-0.24729600000000002,0.30470400000000003
0.553,-0.35608499678042504,-0.247191,0.30580900000000005
0.554,-0.35649935649935655,-0.24708399999999997,0.3069160000000001
0.555,-0.35691318327974275,-0.246975,0.30802500000000005
0.556,-0.3573264781491003,-0.24686399999999997,0.3091360000000001
0.557,-0.35773924213230573,-0.246751,0.31024900000000005
0.558,-0.35815147625160465,-0.24663599999999997,0.3113640000000001
0.559,-0.35856318152661965,-0.246519,0.31248100000000006
0.56,-0.358974358974359,-0.2464,0.31360000000000005
0.561,-0.3593850096092249,-0.24627899999999997,0.3147210000000001
0.562,-0.3597951344430218,-0.24615599999999999,0.31584400000000007
0.5630000000000001,-0.3602047344849648,-0.246031,0.31696900000000006
0.5640000000000001,-0.360613810741688,-0.245904,0.31809600000000005
0.5650000000000001,-0.3610223642172524,-0.24577499999999997,0.3192250000000001
0.5660000000000001,-0.36143039591315457,-0.24564399999999997,0.3203560000000001
0.5670000000000001,-0.3618379068283344,-0.24551099999999998,0.3214890000000001
0.5680000000000001,-0.3622448979591837,-0.24537599999999998,0.3226240000000001
0.5690000000000001,-0.3626513702995539,-0.24523899999999998,0.3237610000000001
0.5700000000000001,-0.36305732484076436,-0.24509999999999998,0.3249000000000001
0.5710000000000001,-0.3634627625716104,-0.24495899999999998,0.3260410000000001
0.5720000000000001,-0.36386768447837153,-0.24481599999999998,0.3271840000000001
0.5730000000000001,-0.3642720915448189,-0.24467099999999997,0.3283290000000001
0.5740000000000001,-0.3646759847522237,-0.24452399999999996,0.3294760000000001
0.5750000000000001,-0.36507936507936506,-0.244375,0.33062500000000006
0.5760000000000001,-0.3654822335025381,-0.244224,0.33177600000000007
0.577,-0.3658845909955612,-0.24407099999999998,0.332929
0.578,-0.36628643852978454,-0.24391600000000002,0.33408399999999994
0.579,-0.3666877770740975,-0.243759,0.33524099999999996
0.58,-0.36708860759493667,-0.24359999999999998,0.3364
0.581,-0.3674889310562935,-0.24343900000000002,0.33756099999999994
0.582,-0.36788874841972186,-0.243276,0.33872399999999997
0.583,-0.36828806064434616,-0.24311100000000002,0.33988899999999994
0.584,-0.3686868686868687,-0.242944,0.34105599999999997
0.585,-0.36908517350157727,-0.24277500000000002,0.34222499999999995
0.586,-0.36948297604035313,-0.242604,0.343396
0.587,-0.36988027725267797,-0.242431,0.34456899999999996
0.588,-0.37027707808564225,-0.24225600000000003,0.34574399999999994
0.589,-0.3706733794839522,-0.242079,0.346921
0.59,-0.37106918238993714,-0.2419,0.34809999999999997
0.591,-0.3714644877435575,-0.24171900000000002,0.34928099999999995
0.592,-0.371859296482412,-0.24153600000000003,0.35046399999999994
0.593,-0.37225360954174513,-0.24135099999999998,0.351649
0.594,-0.3726474278544542,-0.241164,0.352836
0.595,-0.3730407523510972,-0.240975,0.354025
0.596,-0.37343358395989973,-0.240784,0.355216
0.597,-0.37382592360676264,-0.240591,0.356409
0.598,-0.3742177722152691,-0.240396,0.357604
0.599,-0.37460913070669166,-0.240199,0.358801
0.6,-0.37499999999999994,-0.24,0.36
0.601,-0.37539038101186756,-0.23979899999999998,0.361201
0.602,-0.3757802746566792,-0.23959600000000003,0.36240399999999995
0.603,-0.3761696818465377,-0.23939100000000002,0.36360899999999996
0.604,-0.3765586034912718,-0.239184,0.364816
0.605,-0.37694704049844235,-0.238975,0.366025
0.606,-0.37733499377334995,-0.23876399999999998,0.367236
0.607,-0.3777224642190417,-0.238551,0.36844899999999997
0.608,-0.37810945273631835,-0.238336,0.369664
0.609,-0.37849596022374143,-0.23811900000000003,0.37088099999999996
0.61,-0.37888198757763975,-0.2379,0.3721
0.611,-0.3792675356921167,-0.23767900000000003,0.37332099999999996
0.612,-0.37965260545905705,-0.237456,0.374544
0.613,-0.3800371977681339,-0.23723100000000003,0.37576899999999996
0.614,-0.3804213135068154,-0.237004,0.376996
0.615,-0.38080495356037153,-0.236775,0.378225
0.616,-0.38118811881188114,-0.23654399999999998,0.379456
0.617,-0.3815708101422387,-0.236311,0.380689
0.618,-0.3819530284301607,-0.236076,0.381924
0.619,-0.3823347745521927,-0.23583900000000002,0.383161
0.62,-0.38271604938271603,-0.23559999999999998,0.3844
0.621,-0.38309685379395436,-0.23535899999999998,0.385641
0.622,-0.3834771886559803,-0.235116,0.386884
0.623,-0.3838570548367221,-0.234871,0.388129
0.624,-0.3842364532019704,-0.234624,0.389376
0.625,-0.38461538461538464,-0.234375,0.390625
0.626,-0.3849938499384994,-0.234124,0.391876
0.627,-0.38537185003073143,-0.233871,0.393129
0.628,-0.3857493857493857,-0.233616,0.394384
0.629,-0.3861264579496624,-0.23335899999999998,0.395641
0.63,-0.3865030674846626,-0.23309999999999997,0.39690000000000003
0.631,-0.3868792152053955,-0.23283900000000002,0.398161
0.632,-0.38725490196078427,-0.232576,0.399424
0.633,-0.387630128597673,-0.232311,0.400689
0.634,-0.3880048959608323,-0.23204399999999997,0.40195600000000004
0.635,-0.38837920489296635,-0.231775,0.403225
0.636,-0.3887530562347188,-0.231504,0.404496
0.637,-0.3891264508246793,-0.23123100000000002,0.405769
0.638,-0.3894993894993895,-0.230956,0.407044
0.639,-0.3898718730933496,-0.23067900000000002,0.408321
0.64,-0.39024390243902435,-0.2304,0.4096
0.641,-0.3906154783668495,-0.23011900000000002,0.410881
0.642,-0.3909866017052375,-0.22983599999999998,0.41216400000000003
0.643,-0.3913572732805843,-0.229551,0.413449
0.644,-0.3917274939172749,-0.22926399999999997,0.41473600000000005
0.645,-0.39209726443769,-0.22897499999999998,0.41602500000000003
0.646,-0.39246658566221143,-0.228684,0.417316
0.647,-0.3928354584092289,-0.228391,0.418609
0.648,-0.3932038834951456,-0.22809600000000002,0.419904
0.649,-0.39357186173438446,-0.22779899999999997,0.42120100000000005
0.65,-0.393939393939394,-0.22749999999999998,0.42250000000000004
0.651,-0.3943064809206542,-0.22719899999999998,0.42380100000000004
0.652,-0.39467312348668276,-0.226896,0.42510400000000004
0.653,-0.39503932244404116,-0.226591,0.42640900000000004
0.654,-0.3954050785973398,-0.22628399999999999,0.42771600000000004
0.655,-0.39577039274924475,-0.22597499999999998,0.42902500000000005
0.656,-0.3961352657004831,-0.22566399999999998,0.43033600000000005
0.657,-0.39649969824984915,-0.22535099999999997,0.43164900000000006
0.658,-0.39686369119420994,-0.225036,0.432964
0.659,-0.39722724532851117,-0.224719,0.43428100000000003
0.66,-0.39759036144578314,-0.2244,0.43560000000000004
0.661,-0.3979530403371463,-0.22407899999999997,0.43692100000000006
0.662,-0.3983152827918171,-0.223756,0.438244
0.663,-0.3986770895971137,-0.223431,0.43956900000000004
0.664,-0.3990384615384615,-0.22310399999999997,0.44089600000000007
0.665,-0.3993993993993994,-0.222775,0.44222500000000003
0.666,-0.3997599039615847,-0.22244399999999998,0.44355600000000006
0.667,-0.40011997600479904,-0.222111,0.44488900000000003
0.668,-0.40047961630695444,-0.22177599999999997,0.44622400000000007
0.669,-0.4008388256440983,-0.221439,0.44756100000000004
0.67,-0.4011976047904192,-0.22109999999999996,0.4489000000000001
0.671,-0.40155595451825254,-0.22075899999999998,0.45024100000000006
0.672,-0.4019138755980861,-0.220416,0.45158400000000004
0.673,-0.40227136879856545,-0.22007099999999996,0.4529290000000001
0.674,-0.40262843488649946,-0.21972399999999997,0.45427600000000007
0.675,-0.40298507462686567,-0.219375,0.45562500000000006
0.676,-0.4033412887828162,-0.219024,0.45697600000000005
0.677,-0.4036970781156828,-0.218671,0.45832900000000004
0.678,-0.40405244338498214,-0.218316,0.45968400000000004
0.679,-0.4044073853484217,-0.21795899999999996,0.4610410000000001
0.68,-0.40476190476190477,-0.21759999999999996,0.4624000000000001
0.681,-0.405116002379536,-0.21723899999999996,0.4637610000000001
0.682,-0.4054696789536267,-0.21687599999999996,0.4651240000000001
0.683,-0.4058229352347,-0.21651099999999995,0.4664890000000001
0.684,-0.4061757719714964,-0.216144,0.46785600000000005
0.685,-0.4065281899109792,-0.215775,0.46922500000000006
0.686,-0.4068801897983393,-0.21540399999999998,0.47059600000000007
0.687,-0.4072317723770006,-0.21503099999999997,0.4719690000000001
0.6880000000000001,-0.4075829383886256,-0.21465599999999996,0.4733440000000001
0.6890000000000001,-0.40793368857312023,-0.214279,0.47472100000000006
0.6900000000000001,-0.4082840236686391,-0.21389999999999998,0.4761000000000001
0.6910000000000001,-0.4086339444115908,-0.21351899999999996,0.4774810000000001
0.6920000000000001,-0.408983451536643,-0.213136,0.47886400000000007
0.6930000000000001,-0.40933254577672773,-0.21275099999999997,0.4802490000000001
0.6940000000000001,-0.4096812278630461,-0.212364,0.48163600000000006
0.6950000000000001,-0.41002949852507375,-0.21197499999999997,0.4830250000000001
0.6960000000000001,-0.41037735849056606,-0.211584,0.48441600000000007
0.6970000000000001,-0.41072480848556275,-0.21119099999999996,0.4858090000000001
0.6980000000000001,-0.41107184923439344,-0.21079599999999998,0.4872040000000001
0.6990000000000001,-0.4114184814596822,-0.21039899999999995,0.4886010000000001
0.7000000000000001,-0.4117647058823529,-0.20999999999999996,0.4900000000000001
0.7010000000000001,-0.41211052322163433,-0.20959899999999998,0.4914010000000001
0.7020000000000001,-0.41245593419506466,-0.209196,0.4928040000000001
0.7030000000000001,-0.4128009395184968,-0.20879099999999995,0.4942090000000001
0.704,-0.41314553990610325,-0.208384,0.49561599999999995
0.705,-0.4134897360703812,-0.20797500000000002,0.49702499999999994
0.706,-0.41383352872215706,-0.20756400000000003,0.49843599999999993
0.707,-0.4141769185705917,-0.20715100000000003,0.49984899999999993
0.708,-0.414519906323185,-0.20673600000000003,0.5012639999999999
0.709,-0.4148624926857811,-0.20631900000000003,0.5026809999999999
0.71,-0.4152046783625731,-0.20589999999999997,0.5041
0.711,-0.41554646405610757,-0.20547899999999997,0.505521
0.712,-0.4158878504672897,-0.20505600000000002,0.506944
0.713,-0.41622883829538815,-0.204631,0.508369
0.714,-0.41656942823803966,-0.20420400000000005,0.5097959999999999
0.715,-0.41690962099125367,-0.20377500000000004,0.5112249999999999
0.716,-0.4172494172494172,-0.20334399999999997,0.512656
0.717,-0.41758881770529993,-0.20291100000000006,0.5140889999999999
0.718,-0.4179278230500582,-0.202476,0.515524
0.719,-0.41826643397324026,-0.20203899999999997,0.516961
0.72,-0.41860465116279066,-0.2016,0.5184
0.721,-0.4189424753050552,-0.20115899999999998,0.519841
0.722,-0.41927990708478513,-0.200716,0.521284
0.723,-0.4196169471851422,-0.20027099999999998,0.522729
0.724,-0.419953596287703,-0.199824,0.524176
0.725,-0.42028985507246375,-0.19937499999999997,0.525625
0.726,-0.4206257242178447,-0.198924,0.527076
0.727,-0.42096120440069484,-0.19847100000000006,0.5285289999999999
0.728,-0.4212962962962963,-0.19801599999999997,0.529984
0.729,-0.42163100057836894,-0.19755900000000004,0.5314409999999999
0.73,-0.42196531791907516,-0.19710000000000005,0.5328999999999999
0.731,-0.4222992489890237,-0.196639,0.534361
0.732,-0.4226327944572748,-0.19617600000000002,0.535824
0.733,-0.4229659549913445,-0.19571099999999997,0.537289
0.734,-0.42329873125720874,-0.19524399999999997,0.538756
0.735,-0.4236311239193084,-0.19477500000000003,0.540225
0.736,-0.423963133640553,-0.19430400000000003,0.541696
0.737,-0.42429476108232583,-0.19383099999999998,0.543169
0.738,-0.42462600690448793,-0.19335599999999997,0.544644
0.739,-0.42495687176538244,-0.19287900000000002,0.546121
0.74,-0.42528735632183906,-0.19240000000000002,0.5476
0.741,-0.4256174612291786,-0.19191899999999995,0.549081
0.742,-0.425947187141217,-0.19143600000000005,0.5505639999999999
0.743,-0.42627653471026966,-0.19095099999999998,0.552049
0.744,-0.42660550458715596,-0.19046399999999997,0.553536
0.745,-0.4269340974212034,-0.189975,0.555025
0.746,-0.427262313860252,-0.18948399999999999,0.556516
0.747,-0.4275901545506583,-0.18899100000000002,0.558009
0.748,-0.4279176201372998,-0.188496,0.559504
0.749,-0.42824471126357916,-0.18799900000000003,0.561001
0.75,-0.42857142857142855,-0.1875,0.5625
0.751,-0.4288977727013136,-0.18699900000000003,0.564001
0.752,-0.4292237442922374,-0.186496,0.565504
0.753,-0.42954934398174555,-0.18599100000000002,0.567009
0.754,-0.4298745724059293,-0.18548399999999998,0.568516
0.755,-0.43019943019943024,-0.184975,0.570025
0.756,-0.4305239179954442,-0.18446399999999996,0.571536
0.757,-0.43084803642572567,-0.18395099999999998,0.573049
0.758,-0.4311717861205916,-0.18343600000000004,0.574564
0.759,-0.43149516770892554,-0.18291899999999994,0.5760810000000001
0.76,-0.4318181818181818,-0.1824,0.5776
0.761,-0.43214082907438955,-0.181879,0.579121
0.762,-0.43246311010215666,-0.18135599999999996,0.580644
0.763,-0.4327850255246739,-0.18083099999999996,0.582169
0.764,-0.4331065759637188,-0.18030400000000002,0.583696
0.765,-0.43342776203966005,-0.17977500000000002,0.585225
0.766,-0.4337485843714609,-0.17924399999999996,0.586756
0.767,-0.4340690435766837,-0.17871099999999995,0.5882890000000001
0.768,-0.4343891402714932,-0.178176,0.589824
0.769,-0.43470887507066136,-0.177639,0.591361
0.77,-0.4350282485875706,-0.17710000000000004,0.5929
0.771,-0.435347261434218,-0.17655900000000002,0.594441
0.772,-0.435665914221219,-0.17601599999999995,0.5959840000000001
0.773,-0.4359842075578116,-0.17547100000000004,0.597529
0.774,-0.4363021420518602,-0.17492399999999997,0.599076
0.775,-0.4366197183098592,-0.17437499999999995,0.6006250000000001
0.776,-0.43693693693693697,-0.17382399999999998,0.602176
0.777,-0.43725379853685986,-0.17327099999999995,0.6037290000000001
0.778,-0.437570303712036,-0.17271599999999998,0.605284
0.779,-0.43788645306351887,-0.17215899999999995,0.6068410000000001
0.78,-0.43820224719101125,-0.17159999999999997,0.6084
0.781,-0.43851768669286917,-0.17103899999999994,0.6099610000000001
0.782,-0.4388327721661055,-0.17047599999999996,0.6115240000000001
0.783,-0.43914750420639376,-0.16991100000000003,0.613089
0.784,-0.43946188340807174,-0.16934399999999994,0.6146560000000001
0.785,-0.43977591036414565,-0.168775,0.616225
0.786,-0.4400895856662934,-0.16820400000000002,0.617796
0.787,-0.4404029099048685,-0.16763099999999997,0.6193690000000001
0.788,-0.4407158836689038,-0.16705599999999998,0.620944
0.789,-0.4410285075461151,-0.16647899999999993,0.6225210000000001
0.79,-0.44134078212290506,-0.16589999999999994,0.6241000000000001
0.791,-0.4416527079843663,-0.165319,0.625681
0.792,-0.4419642857142857,-0.164736,0.627264
0.793,-0.4422755158951478,-0.16415099999999994,0.6288490000000001
0.794,-0.44258639910813824,-0.16356399999999993,0.6304360000000001
0.795,-0.44289693593314766,-0.16297499999999998,0.6320250000000001
0.796,-0.44320712694877507,-0.16238399999999997,0.6336160000000001
0.797,-0.44351697273233165,-0.16179100000000002,0.635209
0.798,-0.4438264738598443,-0.161196,0.636804
0.799,-0.44413563090605895,-0.16059899999999994,0.6384010000000001
0.8,-0.4444444444444445,-0.15999999999999992,0.6400000000000001
0.801,-0.444752915047196,-0.15939899999999996,0.6416010000000001
0.802,-0.44506104328523866,-0.15879599999999994,0.6432040000000001
0.803,-0.4453688297282308,-0.15819099999999997,0.6448090000000001
0.804,-0.44567627494456763,-0.15758399999999995,0.6464160000000001
0.805,-0.445983379501385,-0.15697499999999998,0.6480250000000001
0.806,-0.44629014396456257,-0.15636399999999995,0.6496360000000001
0.807,-0.44659656889872723,-0.15575099999999997,0.6512490000000001
0.808,-0.44690265486725667,-0.15513599999999994,0.6528640000000001
0.809,-0.447208402432283,-0.15451899999999996,0.6544810000000001
0.81,-0.44751381215469616,-0.15389999999999993,0.6561000000000001
0.811,-0.4478188845941469,-0.15327899999999994,0.6577210000000001
0.812,-0.4481236203090508,-0.15265600000000001,0.659344
0.8130000000000001,-0.44842801985659125,-0.15203099999999992,0.6609690000000001
0.8140000000000001,-0.4487320837927233,-0.15140399999999998,0.6625960000000001
0.8150000000000001,-0.44903581267217635,-0.150775,0.6642250000000001
0.8160000000000001,-0.44933920704845814,-0.15014399999999994,0.6658560000000001
0.8170000000000001,-0.449642267473858,-0.14951099999999995,0.6674890000000001
0.8180000000000001,-0.44994499449944997,-0.148876,0.669124
0.8190000000000001,-0.4502473886750962,-0.148239,0.670761
0.8200000000000001,-0.45054945054945056,-0.14759999999999995,0.6724000000000001
0.8210000000000001,-0.45085118066996155,-0.14695899999999995,0.6740410000000001
0.8220000000000001,-0.45115257958287597,-0.146316,0.6756840000000001
0.8230000000000001,-0.45145364783324193,-0.145671,0.6773290000000001
0.8240000000000001,-0.4517543859649123,-0.14502399999999993,0.6789760000000001
0.8250000000000001,-0.4520547945205479,-0.14437499999999992,0.6806250000000001
0.8260000000000001,-0.45235487404162106,-0.14372399999999996,0.6822760000000001
0.8270000000000001,-0.4526546250684182,-0.14307099999999995,0.6839290000000001
0.8280000000000001,-0.4529540481400438,-0.142416,0.6855840000000001
0.8290000000000001,-0.45325314379442316,-0.14175899999999997,0.6872410000000001
0.8300000000000001,-0.453551912568306,-0.1411,0.6889000000000001
0.8310000000000001,-0.4538503549972693,-0.14043899999999998,0.6905610000000001
0.8320000000000001,-0.45414847161572053,-0.1397759999999999,0.6922240000000002
0.833,-0.45444626295690127,-0.13911099999999998,0.693889
0.834,-0.45474372955288983,-0.138444,0.695556
0.835,-0.4550408719346049,-0.13777499999999998,0.697225
0.836,-0.4553376906318083,-0.137104,0.698896
0.837,-0.4556341861731083,-0.13643099999999997,0.700569
0.838,-0.45593035908596297,-0.135756,0.702244
0.839,-0.45622620989668294,-0.13507900000000006,0.7039209999999999
0.84,-0.4565217391304348,-0.13440000000000007,0.7055999999999999
0.841,-0.4568169473112439,-0.13371900000000003,0.7072809999999999
0.842,-0.4571118349619978,-0.13303600000000004,0.7089639999999999
0.843,-0.45740640260444926,-0.132351,0.710649
0.844,-0.4577006507592191,-0.131664,0.712336
0.845,-0.45799457994579945,-0.13097500000000006,0.7140249999999999
0.846,-0.45828819068255683,-0.13028400000000007,0.7157159999999999
0.847,-0.4585814834867352,-0.129591,0.717409
0.848,-0.4588744588744589,-0.128896,0.719104
0.849,-0.4591671173607355,-0.12819900000000006,0.7208009999999999
0.85,-0.45945945945945943,-0.12750000000000006,0.7224999999999999
0.851,-0.45975148568341434,-0.126799,0.724201
0.852,-0.4600431965442765,-0.12609599999999999,0.725904
0.853,-0.4603345925526174,-0.12539100000000003,0.727609
0.854,-0.4606256742179072,-0.12468400000000002,0.729316
0.855,-0.4609164420485175,-0.12397500000000006,0.7310249999999999
0.856,-0.46120689655172414,-0.12326400000000004,0.7327359999999999
0.857,-0.4614970382337103,-0.12255099999999997,0.734449
0.858,-0.4617868675995694,-0.12183600000000006,0.7361639999999999
0.859,-0.46207638515330823,-0.12111899999999998,0.737881
0.86,-0.4623655913978495,-0.12040000000000006,0.7395999999999999
0.861,-0.4626544868350349,-0.11967899999999998,0.741321
0.862,-0.46294307196562834,-0.11895600000000006,0.7430439999999999
0.863,-0.4632313472893183,-0.11823099999999998,0.744769
0.864,-0.46351931330472107,-0.11750400000000005,0.7464959999999999
0.865,-0.46380697050938335,-0.11677499999999996,0.748225
0.866,-0.4640943193997856,-0.11604400000000004,0.749956
0.867,-0.4643813604713444,-0.11531100000000005,0.7516889999999999
0.868,-0.46466809421841543,-0.11457600000000001,0.753424
0.869,-0.4649545211342964,-0.11383900000000002,0.755161
0.87,-0.4652406417112299,-0.11309999999999998,0.7569
0.871,-0.4655264564404062,-0.11235899999999999,0.758641
0.872,-0.4658119658119658,-0.11161600000000005,0.760384
0.873,-0.4660971703150027,-0.11087100000000005,0.762129
0.874,-0.4663820704375667,-0.110124,0.763876
0.875,-0.4666666666666667,-0.109375,0.765625
0.876,-0.466950959488273,-0.10862400000000005,0.767376
0.877,-0.4672349493873202,-0.10787100000000005,0.769129
0.878,-0.4675186368477103,-0.10711599999999999,0.770884
0.879,-0.46780202235231505,-0.10635899999999998,0.772641
0.88,-0.46808510638297873,-0.10560000000000003,0.7744
0.881,-0.468367889420521,-0.10483900000000002,0.776161
0.882,-0.46865037194473963,-0.10407599999999995,0.7779240000000001
0.883,-0.4689325544344132,-0.10331100000000004,0.779689
0.884,-0.4692144373673036,-0.10254399999999997,0.781456
0.885,-0.46949602122015915,-0.10177499999999995,0.7832250000000001
0.886,-0.46977730646871685,-0.10100399999999998,0.784996
0.887,-0.47005829358770534,-0.10023099999999996,0.786769
0.888,-0.4703389830508475,-0.09945599999999999,0.788544
0.889,-0.4706193753308629,-0.09867899999999996,0.790321
0.89,-0.4708994708994709,-0.09789999999999999,0.7921
0.891,-0.4711792702273929,-0.09711899999999996,0.7938810000000001
0.892,-0.4714587737843552,-0.09633599999999998,0.795664
0.893,-0.4717379820390914,-0.09555099999999994,0.7974490000000001
0.894,-0.4720168954593453,-0.09476399999999996,0.7992360000000001
0.895,-0.47229551451187335,-0.09397500000000003,0.801025
0.896,-0.4725738396624473,-0.09318399999999993,0.8028160000000001
0.897,-0.4728518713758566,-0.092391,0.804609
0.898,-0.4731296101159115,-0.09159600000000001,0.806404
0.899,-0.473407056345445,-0.09079899999999996,0.8082010000000001
0.9,-0.4736842105263158,-0.08999999999999997,0.81
0.901,-0.4739610731194108,-0.08919900000000003,0.811801
0.902,-0.47423764458464773,-0.08839600000000003,0.813604
0.903,-0.4745139253809774,-0.08759099999999997,0.815409
0.904,-0.4747899159663866,-0.08678399999999997,0.817216
0.905,-0.47506561679790027,-0.08597500000000002,0.819025
0.906,-0.4753410283315844,-0.08516400000000002,0.820836
0.907,-0.4756161510225485,-0.08435099999999995,0.8226490000000001
0.908,-0.4758909853249476,-0.08353599999999994,0.8244640000000001
0.909,-0.47616553169198533,-0.08271899999999999,0.826281
0.91,-0.47643979057591623,-0.08189999999999997,0.8281000000000001
0.911,-0.47671376242804814,-0.08107900000000001,0.829921
0.912,-0.4769874476987448,-0.080256,0.831744
0.913,-0.47726084683742814,-0.07943099999999992,0.8335690000000001
0.914,-0.47753396029258094,-0.07860400000000001,0.835396
0.915,-0.47780678851174935,-0.07777499999999993,0.8372250000000001
0.916,-0.47807933194154495,-0.07694400000000001,0.839056
0.917,-0.47835159102764735,-0.07611099999999993,0.8408890000000001
0.918,-0.47862356621480706,-0.07527600000000001,0.842724
0.919,-0.47889525794684734,-0.07443899999999992,0.8445610000000001
0.92,-0.4791666666666667,-0.0736,0.8464
0.921,-0.47943779281624155,-0.07275900000000002,0.848241
0.922,-0.4797086368366285,-0.07191599999999998,0.8500840000000001
0.923,-0.4799791991679667,-0.071071,0.851929
0.924,-0.4802494802494803,-0.07022399999999995,0.8537760000000001
0.925,-0.4805194805194805,-0.06937499999999996,0.8556250000000001
0.926,-0.4807892004153686,-0.06852399999999992,0.8574760000000001
0.927,-0.48105864037363777,-0.06767099999999993,0.8593290000000001
0.928,-0.4813278008298756,-0.06681599999999999,0.8611840000000001
0.929,-0.4815966822187662,-0.06595899999999999,0.8630410000000001
0.93,-0.48186528497409326,-0.06509999999999994,0.8649000000000001
0.931,-0.4821336095287416,-0.06423899999999994,0.8667610000000001
0.932,-0.48240165631469983,-0.06337599999999999,0.8686240000000001
0.933,-0.4826694257630626,-0.06251099999999998,0.8704890000000001
0.934,-0.48293691830403307,-0.06164399999999992,0.8723560000000001
0.935,-0.48320413436692505,-0.06077499999999991,0.8742250000000001
0.936,-0.48347107438016534,-0.05990399999999996,0.8760960000000001
0.937,-0.48373773877129583,-0.059030999999999945,0.8779690000000001
0.9380000000000001,-0.4840041279669762,-0.058155999999999985,0.8798440000000001
0.9390000000000001,-0.4842702423929861,-0.05727899999999997,0.8817210000000001
0.9400000000000001,-0.48453608247422686,-0.056399999999999895,0.8836000000000002
0.9410000000000001,-0.48480164863472436,-0.055518999999999985,0.8854810000000001
0.9420000000000001,-0.4850669412976313,-0.05463599999999991,0.8873640000000002
0.9430000000000001,-0.48533196088522906,-0.05375099999999999,0.8892490000000001
0.9440000000000001,-0.4855967078189301,-0.05286399999999991,0.8911360000000002
0.9450000000000001,-0.48586118251928023,-0.05197499999999999,0.8930250000000001
0.9460000000000001,-0.48612538540596095,-0.05108399999999991,0.8949160000000002
0.9470000000000001,-0.48638931689779147,-0.050190999999999986,0.8968090000000001
0.9480000000000001,-0.48665297741273106,-0.049295999999999895,0.8987040000000002
0.9490000000000001,-0.48691636736788096,-0.04839899999999997,0.9006010000000001
0.9500000000000001,-0.48717948717948717,-0.04749999999999999,0.9025000000000001
0.9510000000000001,-0.4874423372629421,-0.046598999999999946,0.9044010000000001
0.9520000000000001,-0.4877049180327869,-0.04569599999999996,0.9063040000000001
0.9530000000000001,-0.4879672299027138,-0.044790999999999914,0.9082090000000002
0.9540000000000001,-0.48822927328556803,-0.04388399999999992,0.9101160000000001
0.9550000000000001,-0.4884910485933504,-0.042974999999999985,0.9120250000000001
0.9560000000000001,-0.48875255623721886,-0.04206399999999988,0.9139360000000002
0.9570000000000001,-0.48901379662749106,-0.04115099999999994,0.9158490000000001
0.9580000000000001,-0.48927477017364657,-0.04023599999999994,0.9177640000000001
0.9590000000000001,-0.4895354772843288,-0.03931899999999988,0.9196810000000002
0.96,-0.4897959183673469,-0.03839999999999999,0.9216
0.961,-0.49005609382967874,-0.03747900000000004,0.9235209999999999
0.962,-0.49031600407747195,-0.03655600000000003,0.9254439999999999
0.963,-0.4905756495160468,-0.03563100000000008,0.9273689999999999
0.964,-0.49083503054989813,-0.03470400000000007,0.9292959999999999
0.965,-0.4910941475826972,-0.033775,0.931225
0.966,-0.491353001017294,-0.032843999999999984,0.933156
0.967,-0.49161159125571935,-0.03191100000000002,0.935089
0.968,-0.491869918699187,-0.030976000000000004,0.937024
0.969,-0.4921279837480955,-0.030039000000000038,0.9389609999999999
0.97,-0.49238578680203043,-0.029100000000000015,0.9409
0.971,-0.4926433282597666,-0.028159000000000045,0.9428409999999999
0.972,-0.49290060851926976,-0.027216000000000018,0.944784
0.973,-0.49315762797769896,-0.026271000000000044,0.9467289999999999
0.974,-0.4934143870314083,-0.025324000000000013,0.948676
0.975,-0.49367088607594933,-0.024375000000000036,0.9506249999999999
0.976,-0.4939271255060729,-0.023424,0.952576
0.977,-0.49418310571573093,-0.02247100000000002,0.954529
0.978,-0.49443882709807885,-0.02151599999999998,0.956484
0.979,-0.4946942900454775,-0.020558999999999994,0.958441
0.98,-0.494949494949495,-0.019600000000000062,0.9603999999999999
0.981,-0.49520444220090865,-0.01863899999999996,0.962361
0.982,-0.4954591321897074,-0.017676000000000025,0.964324
0.983,-0.49571356530509325,-0.01671100000000003,0.966289
0.984,-0.4959677419354839,-0.01574399999999998,0.968256
0.985,-0.4962216624685139,-0.014774999999999983,0.970225
0.986,-0.49647532729103727,-0.013804000000000038,0.972196
0.987,-0.4967287367891293,-0.012831000000000037,0.974169
0.988,-0.4969818913480885,-0.011855999999999978,0.976144
0.989,-0.4972347913524384,-0.010878999999999972,0.978121
0.99,-0.49748743718592964,-0.00990000000000002,0.9801
0.991,-0.4977398292315419,-0.00891900000000001,0.982081
0.992,-0.4979919678714859,-0.007936000000000054,0.9840639999999999
0.993,-0.49824385348720523,-0.0069510000000000405,0.986049
0.994,-0.49849548645937813,-0.005963999999999969,0.988036
0.995,-0.49874686716791977,-0.004974999999999952,0.990025
0.996,-0.49899799599198397,-0.0039839999999999876,0.992016
0.997,-0.499248873309965,-0.002990999999999966,0.994009
0.998,-0.4994994994994995,-0.0019959999999999978,0.996004
0.999,-0.4997498749374687,-0.0009989999999999721,0.998001
1.0,-0.5,0.0,1.0
1.0010000000000001,-0.5002498750624688,0.0010010000000000296,1.0020010000000001
1.002,-0.5004995004995005,0.0020039999999998948,1.004004
1.0030000000000001,-0.5007488766849726,0.0030090000000000394,1.0060090000000002
1.004,-0.500998003992016,0.0040160000000000196,1.008016
1.0050000000000001,-0.5012468827930175,0.005025000000000057,1.0100250000000002
1.006,-0.5014955134596211,0.00603599999999993,1.012036
1.0070000000000001,-0.5017438963627304,0.007049000000000083,1.0140490000000002
1.008,-0.50199203187251,0.008064000000000071,1.016064
1.0090000000000001,-0.5022399203583873,0.009081000000000117,1.0180810000000002
1.01,-0.5024875621890548,0.010099999999999998,1.0201
1.0110000000000001,-0.5027349577324715,0.011121000000000159,1.0221210000000003
1.012,-0.5029821073558648,0.012143999999999933,1.024144
1.0130000000000001,-0.5032290114257328,0.013169000000000208,1.0261690000000003
1.014,-0.503475670307845,0.014196000000000097,1.028196
1.0150000000000001,-0.5037220843672456,0.015225000000000044,1.0302250000000002
1.016,-0.503968253968254,0.016256000000000048,1.032256
1.0170000000000001,-0.504214179474467,0.01728900000000011,1.0342890000000002
1.018,-0.5044598612487612,0.018324000000000007,1.036324
1.0190000000000001,-0.5047052996532937,0.019361000000000184,1.0383610000000003
1.02,-0.504950495049505,0.020399999999999974,1.0404
1.0210000000000001,-0.5051954477981199,0.021441000000000043,1.0424410000000002
1.022,-0.5054401582591493,0.02248399999999995,1.044484
1.0230000000000001,-0.5056846267918933,0.023529000000000133,1.0465290000000003
1.024,-0.5059288537549407,0.02457599999999993,1.048576
1.025,-0.5061728395061729,0.02562500000000001,1.050625
1.026,-0.5064165844027642,0.026675999999999922,1.052676
1.027,-0.506660088801184,0.027728999999999893,1.0547289999999998
1.028,-0.5069033530571992,0.02878399999999992,1.056784
1.029,-0.5071463775258748,0.029841000000000006,1.058841
1.03,-0.5073891625615763,0.030899999999999928,1.0609
1.031,-0.5076317085179715,0.031960999999999906,1.0629609999999998
1.032,-0.5078740157480315,0.03302399999999994,1.065024
1.033,-0.5081160846040335,0.034088999999999814,1.0670889999999997
1.034,-0.5083579154375615,0.035155999999999965,1.069156
1.035,-0.5085995085995085,0.03622499999999995,1.0712249999999999
1.036,-0.5088408644400786,0.037295999999999996,1.073296
1.037,-0.5090819833087874,0.038368999999999875,1.0753689999999998
1.038,-0.5093228655544652,0.039444000000000035,1.077444
1.039,-0.5095635115252575,0.04052099999999981,1.0795209999999997
1.04,-0.5098039215686274,0.04160000000000008,1.0816000000000001
1.041,-0.5100440960313571,0.04268099999999997,1.083681
1.042,-0.5102840352595496,0.043764000000000136,1.0857640000000002
1.043,-0.5105237395986294,0.04484899999999992,1.0878489999999998
1.044,-0.5107632093933464,0.04593599999999998,1.089936
1.045,-0.511002444987775,0.04702499999999987,1.0920249999999998
1.046,-0.5112414467253177,0.04811600000000005,1.094116
1.047,-0.5114802149487054,0.049208999999999836,1.0962089999999998
1.048,-0.51171875,0.050304000000000126,1.0983040000000002
1.049,-0.5119570522205954,0.05140100000000003,1.100401
1.05,-0.5121951219512195,0.05249999999999999,1.1025
1.051,-0.5124329595319356,0.05360100000000001,1.104601
1.052,-0.5126705653021443,0.054704000000000086,1.1067040000000001
1.053,-0.5129079396005845,0.055809,1.108809
1.054,-0.5131450827653359,0.05691599999999997,1.110916
1.055,-0.51338199513382,0.05802499999999999,1.113025
1.056,-0.5136186770428016,0.05913600000000008,1.1151360000000001
1.057,-0.5138551288283908,0.060249,1.117249
1.058,-0.5140913508260447,0.061363999999999974,1.119364
1.059,-0.5143273433705682,0.06248100000000001,1.121481
1.06,-0.5145631067961165,0.0636000000000001,1.1236000000000002
1.061,-0.514798641436196,0.06472100000000003,1.125721
1.062,-0.5150339476236663,0.06584400000000001,1.127844
1.063,-0.5152690256907417,0.06696899999999983,1.1299689999999998
1.064,-0.5155038759689923,0.06809600000000016,1.1320960000000002
1.065,-0.5157384987893462,0.06922499999999987,1.1342249999999998
1.066,-0.515972894482091,0.07035600000000009,1.1363560000000001
1.067,-0.5162070633768746,0.07148899999999991,1.1384889999999999
1.068,-0.5164410058027079,0.07262400000000002,1.140624
1.069,-0.5166747220879652,0.07376099999999997,1.142761
1.07,-0.5169082125603864,0.07489999999999997,1.1449
1.071,-0.5171414775470787,0.07604100000000003,1.147041
1.072,-0.5173745173745173,0.07718400000000014,1.1491840000000002
1.073,-0.517607332368548,0.07832899999999987,1.1513289999999998
1.074,-0.5178399228543877,0.0794760000000001,1.1534760000000002
1.075,-0.5180722891566264,0.08062499999999995,1.155625
1.076,-0.5183044315992293,0.08177600000000007,1.1577760000000001
1.077,-0.5185363505055368,0.08292900000000003,1.159929
1.078,-0.5187680461982676,0.08408400000000005,1.1620840000000001
1.079,-0.518999518999519,0.0852409999999999,1.1642409999999999
1.08,-0.5192307692307693,0.08640000000000003,1.1664
1.081,-0.5194617972128784,0.087561,1.168561
1.082,-0.5196926032660903,0.08872400000000003,1.170724
1.083,-0.5199231877100335,0.08988899999999989,1.1728889999999998
1.084,-0.5201535508637236,0.09105600000000003,1.175056
1.085,-0.5203836930455635,0.092225,1.177225
1.086,-0.5206136145733461,0.09339600000000003,1.179396
1.087,-0.5208433157642549,0.0945689999999999,1.1815689999999999
1.088,-0.521072796934866,0.09574400000000005,1.1837440000000001
1.089,-0.5213020584011488,0.09692100000000003,1.185921
1.09,-0.521531100478469,0.09810000000000008,1.1881000000000002
1.091,-0.5217599234815877,0.09928099999999995,1.190281
1.092,-0.5219885277246654,0.10046400000000011,1.1924640000000002
1.093,-0.5222169135212613,0.10164899999999988,1.1946489999999998
1.094,-0.5224450811843362,0.10283600000000015,1.1968360000000002
1.095,-0.5226730310262531,0.10402500000000003,1.199025
1.096,-0.5229007633587787,0.1052160000000002,1.2012160000000003
1.097,-0.5231282784930854,0.10640899999999998,1.203409
1.098,-0.5233555767397522,0.10760400000000003,1.2056040000000001
1.099,-0.523582658408766,0.10880099999999993,1.207801
1.1,-0.5238095238095238,0.1100000000000001,1.2100000000000002
1.101,-0.524036173250833,0.11120099999999988,1.2122009999999999
1.102,-0.5242626070409134,0.11240400000000017,1.2144040000000003
1.103,-0.5244888254873991,0.11360900000000007,1.216609
1.104,-0.5247148288973384,0.11481600000000003,1.2188160000000001
1.105,-0.5249406175771971,0.11602500000000004,1.221025
1.106,-0.5251661918328586,0.11723600000000012,1.2232360000000002
1.107,-0.525391551969625,0.11844900000000003,1.225449
1.108,-0.5256166982922201,0.11966400000000021,1.2276640000000003
1.109,-0.525841631104789,0.12088100000000002,1.229881
1.11,-0.5260663507109005,0.1221000000000001,1.2321000000000002
1.111,-0.5262908574135481,0.12332100000000001,1.234321
1.112,-0.5265151515151515,0.12454400000000021,1.2365440000000003
1.113,-0.526739233317558,0.12576900000000002,1.238769
1.114,-0.5269631031220436,0.1269960000000001,1.2409960000000002
1.115,-0.5271867612293144,0.12822500000000003,1.243225
1.116,-0.5274102079395085,0.12945600000000024,1.2454560000000003
1.117,-0.5276334435521965,0.13068900000000006,1.247689
1.118,-0.5278564683663833,0.13192400000000015,1.2499240000000003
1.119,-0.5280792826805097,0.13316100000000008,1.252161
1.12,-0.5283018867924528,0.13440000000000007,1.2544000000000002
1.121,-0.5285242809995285,0.1356409999999999,1.256641
1.122,-0.528746465598492,0.13688400000000023,1.2588840000000003
1.123,-0.5289684408855393,0.13812899999999995,1.261129
1.124,-0.5291902071563088,0.13937600000000017,1.2633760000000003
1.125,-0.5294117647058824,0.140625,1.265625
1.1260000000000001,-0.5296331138287864,0.1418760000000001,1.2678760000000002
1.127,-0.529854254818994,0.14312900000000006,1.270129
1.1280000000000001,-0.5300751879699248,0.14438400000000007,1.2723840000000002
1.129,-0.530295913574448,0.1456409999999999,1.274641
1.1300000000000001,-0.5305164319248827,0.14690000000000025,1.2769000000000004
1.131,-0.5307367433129986,0.148161,1.279161
1.1320000000000001,-0.5309568480300187,0.14942400000000022,1.2814240000000003
1.133,-0.5311767463666198,0.15068900000000007,1.283689
1.1340000000000001,-0.5313964386129334,0.1519560000000002,1.2859560000000003
1.135,-0.531615925058548,0.15322499999999994,1.288225
1.1360000000000001,-0.5318352059925094,0.1544960000000002,1.2904960000000003
1.137,-0.5320542817033224,0.15576900000000005,1.292769
1.1380000000000001,-0.5322731524789523,0.15704400000000018,1.2950440000000003
1.139,-0.5324918186068256,0.15832099999999993,1.297321
1.1400000000000001,-0.5327102803738318,0.1596000000000002,1.2996000000000003
1.141,-0.5329285380663241,0.16088100000000005,1.301881
1.1420000000000001,-0.5331465919701214,0.1621640000000002,1.3041640000000003
1.143,-0.5333644423705087,0.16344899999999996,1.306449
1.1440000000000001,-0.5335820895522388,0.16473600000000022,1.3087360000000003
1.145,-0.5337995337995338,0.1660250000000001,1.311025
1.1460000000000001,-0.5340167753960858,0.16731600000000024,1.3133160000000004
1.147,-0.5342338146250581,0.168609,1.315609
1.1480000000000001,-0.5344506517690876,0.16990400000000028,1.3179040000000004
1.149,-0.5346672871102839,0.17120099999999994,1.320201
1.1500000000000001,-0.5348837209302325,0.1725000000000001,1.3225000000000002
1.151,-0.5350999535099954,0.1738010000000001,1.3248010000000001
1.1520000000000001,-0.5353159851301116,0.17510400000000015,1.3271040000000003
1.153,-0.5355318160705992,0.17640900000000004,1.329409
1.154,-0.5357474466109563,0.17771599999999999,1.331716
1.155,-0.5359628770301623,0.179025,1.334025
1.156,-0.536178107606679,0.18033599999999983,1.3363359999999997
1.157,-0.5363931386184515,0.18164899999999995,1.338649
1.158,-0.5366079703429101,0.1829639999999999,1.3409639999999998
1.159,-0.5368226030569708,0.18428100000000014,1.3432810000000002
1.16,-0.537037037037037,0.1856,1.3456
1.161,-0.5372512725590005,0.18692100000000011,1.3479210000000001
1.162,-0.5374653098982424,0.18824399999999986,1.3502439999999998
1.163,-0.5376791493296347,0.1895690000000001,1.3525690000000001
1.164,-0.5378927911275416,0.19089599999999995,1.3548959999999999
1.165,-0.5381062355658198,0.1922250000000001,1.3572250000000001
1.166,-0.5383194829178208,0.19355599999999984,1.3595559999999998
1.167,-0.5385325334563914,0.1948890000000001,1.3618890000000001
1.168,-0.5387453874538745,0.19622399999999995,1.3642239999999999
1.169,-0.5389580451821115,0.1975610000000001,1.3665610000000001
1.17,-0.5391705069124424,0.19889999999999985,1.3688999999999998
1.171,-0.539382772915707,0.2002410000000001,1.3712410000000002
1.172,-0.5395948434622468,0.20158399999999999,1.373584
1.173,-0.5398067188219052,0.20292900000000014,1.3759290000000002
1.174,-0.5400183992640294,0.2042759999999999,1.3782759999999998
1.175,-0.5402298850574714,0.20562500000000017,1.3806250000000002
1.176,-0.5404411764705882,0.20697599999999983,1.3829759999999998
1.177,-0.5406522737712448,0.208329,1.385329
1.178,-0.5408631772268135,0.20968399999999998,1.387684
1.179,-0.5410738871041761,0.21104100000000003,1.390041
1.18,-0.5412844036697249,0.21239999999999992,1.3923999999999999
1.181,-0.5414947271893626,0.2137610000000001,1.3947610000000001
1.182,-0.541704857928506,0.21512399999999987,1.3971239999999998
1.183,-0.5419147961520844,0.21648900000000015,1.3994890000000002
1.184,-0.5421245421245421,0.21785599999999983,1.4018559999999998
1.185,-0.5423340961098398,0.219225,1.404225
1.186,-0.5425434583714547,0.22059600000000001,1.406596
1.187,-0.5427526291723822,0.22196900000000008,1.4089690000000001
1.188,-0.5429616087751371,0.223344,1.411344
1.189,-0.5431703974417542,0.22472100000000017,1.4137210000000002
1.19,-0.54337899543379,0.22609999999999997,1.4161
1.191,-0.5435874030123232,0.22748100000000004,1.418481
1.192,-0.5437956204379562,0.22886399999999996,1.420864
1.193,-0.5440036479708162,0.23024900000000015,1.4232490000000002
1.194,-0.544211485870556,0.23163599999999995,1.425636
1.195,-0.5444191343963554,0.23302500000000004,1.428025
1.196,-0.5446265938069217,0.23441599999999996,1.430416
1.197,-0.5448338643604916,0.23580900000000016,1.4328090000000002
1.198,-0.5450409463148317,0.23720399999999997,1.435204
1.199,-0.5452478399272397,0.23860100000000006,1.4376010000000001
1.2,-0.5454545454545454,0.24,1.44
1.201,-0.5456610631531122,0.2414010000000002,1.4424010000000003
1.202,-0.5458673932788374,0.24280400000000002,1.444804
1.203,-0.5460735360871538,0.24420900000000012,1.4472090000000002
1.204,-0.5462794918330309,0.24561599999999983,1.4496159999999998
1.205,-0.546485260770975,0.24702500000000005,1.4520250000000001
1.206,-0.5466908431550317,0.24843599999999988,1.4544359999999998
1.207,-0.5468962392387857,0.2498490000000002,1.4568490000000003
1.208,-0.5471014492753623,0.25126399999999993,1.459264
1.209,-0.5473064735174287,0.25268100000000016,1.4616810000000002
1.21,-0.5475113122171945,0.2541,1.4641
1.211,-0.5477159656264133,0.2555210000000001,1.4665210000000002
1.212,-0.5479204339963835,0.25694400000000006,1.468944
1.213,-0.5481247175779485,0.25836900000000007,1.4713690000000001
1.214,-0.5483288166214996,0.2597959999999999,1.4737959999999999
1.215,-0.5485327313769752,0.26122500000000004,1.4762250000000001
1.216,-0.5487364620938627,0.262656,1.478656
1.217,-0.5489400090211999,0.264089,1.481089
1.218,-0.5491433724075744,0.26552399999999987,1.4835239999999998
1.219,-0.5493465525011266,0.2669610000000002,1.4859610000000003
1.22,-0.5495495495495496,0.26839999999999997,1.4884
1.221,-0.5497523638000901,0.2698410000000002,1.4908410000000003
1.222,-0.54995499549955,0.27128399999999986,1.4932839999999998
1.223,-0.5501574448942871,0.2727290000000002,1.4957290000000003
1.224,-0.5503597122302157,0.274176,1.498176
1.225,-0.550561797752809,0.27562500000000023,1.5006250000000003
1.226,-0.5507637017070979,0.2770759999999999,1.5030759999999999
1.227,-0.5509654243376739,0.278529,1.5055290000000001
1.228,-0.5511669658886894,0.279984,1.507984
1.229,-0.5513683266038583,0.28144100000000005,1.5104410000000001
1.23,-0.5515695067264574,0.28289999999999993,1.5129
1.231,-0.5517705064993277,0.2843610000000001,1.5153610000000002
1.232,-0.5519713261648745,0.2858240000000001,1.517824
1.233,-0.5521719659650695,0.2872890000000001,1.5202890000000002
1.234,-0.5523724261414503,0.288756,1.522756
1.235,-0.5525727069351231,0.2902250000000002,1.5252250000000003
1.236,-0.5527728085867621,0.29169599999999996,1.527696
1.237,-0.5529727313366115,0.29316900000000023,1.5301690000000003
1.238,-0.5531724754244861,0.2946439999999999,1.532644
1.239,-0.5533720410897723,0.2961210000000001,1.5351210000000002
1.24,-0.5535714285714285,0.2976000000000001,1.5376
1.241,-0.5537706381079875,0.29908100000000015,1.5400810000000003
1.242,-0.5539696699375557,0.30056400000000005,1.542564
1.243,-0.5541685242978154,0.30204900000000023,1.5450490000000003
1.244,-0.554367201426025,0.30353600000000003,1.547536
1.245,-0.5545657015590201,0.3050250000000001,1.5500250000000002
1.246,-0.5547640249332146,0.306516,1.552516
1.247,-0.5549621717846017,0.3080090000000002,1.5550090000000003
1.248,-0.5551601423487544,0.309504,1.557504
1.249,-0.555357936860827,0.3110010000000001,1.5600010000000002
1.25,-0.5555555555555556,0.3125,1.5625
1.2510000000000001,-0.5557529986672589,0.3140010000000002,1.5650010000000003
1.252,-0.5559502664298402,0.315504,1.567504
1.2530000000000001,-0.5561473590767865,0.3170090000000001,1.5700090000000002
1.254,-0.5563442768411713,0.318516,1.572516
1.2550000000000001,-0.5565410199556542,0.3200250000000002,1.5750250000000003
1.256,-0.5567375886524822,0.32153600000000004,1.577536
1.2570000000000001,-0.5569339831634914,0.32304900000000014,1.5800490000000003
1.258,-0.5571302037201062,0.3245640000000001,1.582564
1.2590000000000001,-0.5573262505533422,0.3260810000000003,1.5850810000000004
1.26,-0.5575221238938054,0.3276000000000001,1.5876000000000001
1.2610000000000001,-0.557717823971694,0.3291210000000002,1.5901210000000003
1.262,-0.5579133510167993,0.33064399999999994,1.592644
1.2630000000000001,-0.5581087052585065,0.33216900000000016,1.5951690000000003
1.264,-0.558303886925795,0.333696,1.597696
1.2650000000000001,-0.5584988962472407,0.3352250000000001,1.6002250000000002
1.266,-0.558693733451015,0.33675600000000006,1.602756
1.2670000000000001,-0.5588883987648875,0.3382890000000003,1.6052890000000004
1.268,-0.5590828924162258,0.3398240000000001,1.6078240000000001
1.2690000000000001,-0.5592772146319965,0.34136100000000025,1.6103610000000004
1.27,-0.5594713656387665,0.3429,1.6129
1.2710000000000001,-0.5596653456627038,0.3444410000000002,1.6154410000000003
1.272,-0.5598591549295774,0.34598400000000007,1.617984
1.2730000000000001,-0.5600527936647602,0.3475290000000002,1.6205290000000003
1.274,-0.5602462620932278,0.34907599999999994,1.623076
1.2750000000000001,-0.5604395604395604,0.3506250000000002,1.6256250000000003
1.276,-0.5606326889279438,0.35217600000000004,1.628176
1.2770000000000001,-0.5608256477821696,0.3537290000000002,1.6307290000000003
1.278,-0.5610184372256365,0.35528399999999993,1.633284
1.2790000000000001,-0.5612110574813516,0.3568410000000002,1.6358410000000003
1.28,-0.5614035087719298,0.35840000000000005,1.6384
1.281,-0.5615957913195967,0.359961,1.640961
1.282,-0.5617879053461876,0.36152399999999996,1.643524
1.283,-0.5619798510731493,0.3630889999999998,1.6460889999999997
1.284,-0.5621716287215412,0.3646560000000001,1.6486560000000001
1.285,-0.562363238512035,0.3662249999999998,1.6512249999999997
1.286,-0.5625546806649169,0.367796,1.653796
1.287,-0.5627459554000874,0.36936899999999984,1.6563689999999998
1.288,-0.5629370629370629,0.37094400000000016,1.6589440000000002
1.289,-0.563128003494976,0.3725209999999999,1.6615209999999998
1.29,-0.5633187772925764,0.3741000000000001,1.6641000000000001
1.291,-0.5635093845482322,0.37568099999999993,1.6666809999999999
1.292,-0.5636998254799302,0.37726400000000004,1.669264
1.293,-0.5638901003052769,0.378849,1.671849
1.294,-0.5640802092414996,0.380436,1.674436
1.295,-0.5642701525054467,0.38202499999999984,1.6770249999999998
1.296,-0.5644599303135888,0.38361599999999996,1.679616
1.297,-0.5646495428820201,0.3852089999999999,1.6822089999999998
1.298,-0.5648389904264578,0.38680400000000015,1.6848040000000002
1.299,-0.5650282731622445,0.388401,1.687401
1.3,-0.5652173913043479,0.3900000000000001,1.6900000000000002
1.301,-0.565406345067362,0.39160099999999987,1.6926009999999998
1.302,-0.5655951346655083,0.3932040000000001,1.6952040000000002
1.303,-0.5657837603126357,0.39480899999999997,1.697809
1.304,-0.5659722222222222,0.3964160000000001,1.7004160000000001
1.305,-0.5661605206073753,0.39802499999999985,1.7030249999999998
1.306,-0.5663486556808326,0.3996360000000001,1.7056360000000002
1.307,-0.5665366276549632,0.40124899999999997,1.708249
1.308,-0.5667244367417679,0.4028640000000001,1.7108640000000002
1.309,-0.56691208315288,0.40448099999999987,1.7134809999999998
1.31,-0.5670995670995671,0.4061000000000001,1.7161000000000002
1.311,-0.5672868887927304,0.407721,1.718721
1.312,-0.5674740484429065,0.40934400000000015,1.7213440000000002
1.313,-0.5676610462602681,0.4109689999999999,1.7239689999999999
1.314,-0.567847882454624,0.4125960000000002,1.7265960000000002
1.315,-0.5680345572354212,0.41422499999999984,1.7292249999999998
1.316,-0.5682210708117444,0.415856,1.731856
1.317,-0.5684074233923175,0.417489,1.734489
1.318,-0.5685936151855048,0.41912400000000005,1.7371240000000001
1.319,-0.56877964639931,0.42076099999999994,1.739761
1.32,-0.5689655172413792,0.4224000000000001,1.7424000000000002
1.321,-0.5691512279190005,0.4240409999999999,1.7450409999999998
1.322,-0.5693367786391043,0.4256840000000002,1.7476840000000002
1.323,-0.5695221696082652,0.42732899999999985,1.7503289999999998
1.324,-0.5697074010327023,0.428976,1.752976
1.325,-0.5698924731182795,0.43062500000000004,1.755625
1.326,-0.5700773860705073,0.4322760000000001,1.7582760000000002
1.327,-0.5702621400945423,0.433929,1.760929
1.328,-0.570446735395189,0.4355840000000002,1.7635840000000003
1.329,-0.5706311721769,0.437241,1.766241
1.33,-0.5708154506437768,0.43890000000000007,1.7689000000000001
1.331,-0.570999570999571,0.440561,1.771561
1.332,-0.5711835334476845,0.4422240000000002,1.7742240000000002
1.333,-0.5713673381911701,0.443889,1.776889
1.334,-0.5715509854327335,0.44555600000000006,1.7795560000000001
1.335,-0.5717344753747323,0.447225,1.782225
1.336,-0.571917808219178,0.4488960000000002,1.7848960000000003
1.337,-0.5721009841677365,0.450569,1.787569
1.338,-0.572284003421728,0.4522440000000001,1.7902440000000002
1.339,-0.5724668661821292,0.453921,1.792921
1.34,-0.5726495726495727,0.4556000000000002,1.7956000000000003
1.341,-0.5728321230243485,0.45728100000000005,1.798281
1.342,-0.5730145175064048,0.45896400000000015,1.8009640000000002
1.343,-0.5731967562953478,0.46064899999999986,1.8036489999999998
1.344,-0.5733788395904437,0.4623360000000001,1.8063360000000002
1.345,-0.5735607675906184,0.4640249999999999,1.8090249999999999
1.346,-0.5737425404944587,0.46571600000000024,1.8117160000000003
1.347,-0.573924158500213,0.46740899999999996,1.814409
1.348,-0.5741056218057923,0.4691040000000002,1.8171040000000003
1.349,-0.5742869306087697,0.470801,1.819801
1.35,-0.574468085106383,0.47250000000000014,1.8225000000000002
1.351,-0.5746490854955338,0.4742009999999999,1.8252009999999999
1.352,-0.5748299319727891,0.4759040000000001,1.8279040000000002
1.353,-0.5750106247343817,0.47760899999999995,1.830609
1.354,-0.5751911639762107,0.4793160000000001,1.8333160000000002
1.355,-0.5753715498938429,0.48102500000000004,1.836025
1.356,-0.5755517826825128,0.48273600000000005,1.8387360000000001
1.357,-0.5757318625371234,0.4844489999999999,1.841449
1.358,-0.5759117896522477,0.48616400000000026,1.8441640000000004
1.359,-0.576091564222128,0.487881,1.846881
1.36,-0.576271186440678,0.48960000000000026,1.8496000000000004
1.361,-0.5764506565014825,0.4913209999999999,1.8523209999999999
1.362,-0.5766299745977985,0.49304400000000026,1.8550440000000004
1.363,-0.5768091409225561,0.494769,1.857769
1.364,-0.5769881556683588,0.49649600000000027,1.8604960000000004
1.365,-0.5771670190274841,0.4982249999999999,1.863225
1.366,-0.577345731191885,0.4999560000000003,1.8659560000000004
1.367,-0.5775242923531897,0.501689,1.868689
1.368,-0.5777027027027026,0.5034240000000001,1.8714240000000002
1.369,-0.5778809624314057,0.505161,1.874161
1.37,-0.5780590717299579,0.5069000000000001,1.8769000000000002
1.371,-0.5782370307886967,0.5086409999999999,1.879641
1.372,-0.5784148397976392,0.5103840000000002,1.8823840000000003
1.373,-0.5785924989464812,0.5121290000000001,1.885129
1.374,-0.5787700084245998,0.5138760000000002,1.8878760000000003
1.375,-0.5789473684210527,0.515625,1.890625
1.3760000000000001,-0.579124579124579,0.5173760000000003,1.8933760000000004
1.377,-0.5793016407236012,0.519129,1.896129
1.3780000000000001,-0.5794785534062238,0.5208840000000001,1.8988840000000002
1.379,-0.5796553173602353,0.5226409999999999,1.901641
1.3800000000000001,-0.5798319327731093,0.5244000000000002,1.9044000000000003
1.381,-0.5800083998320033,0.5261610000000001,1.907161
1.3820000000000001,-0.5801847187237615,0.5279240000000003,1.9099240000000004
1.383,-0.580360889634914,0.5296890000000001,1.912689
1.3840000000000001,-0.5805369127516778,0.5314560000000002,1.9154560000000003
1.385,-0.5807127882599581,0.5332250000000001,1.918225
1.3860000000000001,-0.5808885163453479,0.5349960000000002,1.9209960000000004
1.387,-0.5810640971931295,0.536769,1.923769
1.3880000000000001,-0.5812395309882747,0.5385440000000001,1.9265440000000003
1.389,-0.5814148179154457,0.540321,1.929321
1.3900000000000001,-0.5815899581589958,0.5421000000000002,1.9321000000000004
1.391,-0.5817649519029695,0.5438810000000001,1.934881
1.3920000000000001,-0.5819397993311036,0.5456640000000001,1.9376640000000003
1.393,-0.5821145006268283,0.5474490000000001,1.940449
1.3940000000000001,-0.5822890559732665,0.5492360000000003,1.9432360000000004
1.395,-0.5824634655532359,0.5510250000000001,1.9460250000000001
1.3960000000000001,-0.5826377295492489,0.5528160000000002,1.9488160000000003
1.397,-0.5828118481435127,0.5546090000000001,1.9516090000000001
1.3980000000000001,-0.5829858215179317,0.5564040000000003,1.9544040000000005
1.399,-0.5831596498541058,0.558201,1.957201
1.4000000000000001,-0.5833333333333333,0.5600000000000003,1.9600000000000004
1.401,-0.5835068721366098,0.561801,1.962801
1.4020000000000001,-0.5836802664446294,0.5636040000000002,1.9656040000000004
1.403,-0.5838535164377862,0.565409,1.968409
1.4040000000000001,-0.5840266222961731,0.5672160000000002,1.9712160000000003
1.405,-0.5841995841995842,0.5690250000000001,1.9740250000000001
1.4060000000000001,-0.5843724023275145,0.5708360000000003,1.9768360000000005
1.407,-0.5845450768591608,0.572649,1.979649
1.408,-0.5847176079734219,0.5744639999999999,1.9824639999999998
1.409,-0.5848899958489,0.576281,1.985281
1.41,-0.5850622406639003,0.5780999999999998,1.9880999999999998
1.411,-0.585234342596433,0.5799210000000001,1.9909210000000002
1.412,-0.5854063018242123,0.5817439999999998,1.9937439999999997
1.413,-0.585578118524658,0.583569,1.996569
1.414,-0.5857497928748965,0.5853959999999998,1.9993959999999997
1.415,-0.5859213250517599,0.5872250000000001,2.002225
1.416,-0.5860927152317881,0.5890559999999998,2.0050559999999997
1.417,-0.5862639635912289,0.590889,2.007889
1.418,-0.586435070306038,0.5927239999999998,2.0107239999999997
1.419,-0.586606035551881,0.5945610000000001,2.013561
1.42,-0.5867768595041322,0.5964,2.0164
1.421,-0.5869475423378768,0.598241,2.019241
1.422,-0.5871180842279109,0.6000840000000001,2.022084
1.423,-0.5872884853487412,0.6019290000000002,2.024929
1.424,-0.5874587458745875,0.6037759999999999,2.027776
1.425,-0.5876288659793815,0.6056250000000001,2.030625
1.426,-0.5877988458367682,0.6074759999999999,2.033476
1.427,-0.5879686856201072,0.6093290000000002,2.0363290000000003
1.428,-0.5881383855024711,0.6111839999999997,2.0391839999999997
1.429,-0.5883079456566488,0.6130410000000002,2.042041
1.43,-0.5884773662551441,0.6148999999999998,2.0448999999999997
1.431,-0.5886466474701769,0.6167609999999999,2.047761
1.432,-0.5888157894736842,0.6186240000000001,2.050624
1.433,-0.5889847924373203,0.6204890000000003,2.0534890000000003
1.434,-0.5891536565324568,0.6223559999999997,2.0563559999999996
1.435,-0.5893223819301848,0.624225,2.059225
1.436,-0.5894909688013136,0.626096,2.062096
1.437,-0.5896594173163725,0.627969,2.064969
1.438,-0.5898277276456112,0.6298440000000001,2.067844
1.439,-0.5899958999589996,0.6317210000000002,2.0707210000000003
1.44,-0.5901639344262295,0.6335999999999999,2.0736
1.441,-0.5903318312167145,0.6354810000000002,2.0764810000000002
1.442,-0.5904995904995904,0.637364,2.079364
1.443,-0.5906672124437168,0.639249,2.082249
1.444,-0.5908346972176759,0.6411359999999999,2.085136
1.445,-0.591002044989775,0.643025,2.088025
1.446,-0.5911692559280458,0.644916,2.090916
1.447,-0.5913363302002452,0.6468090000000002,2.0938090000000003
1.448,-0.5915032679738562,0.648704,2.096704
1.449,-0.5916700694160882,0.6506010000000002,2.0996010000000003
1.45,-0.5918367346938775,0.6525000000000001,2.1025
1.451,-0.5920032639738882,0.654401,2.105401
1.452,-0.5921696574225123,0.656304,2.108304
1.453,-0.5923359152058704,0.658209,2.111209
1.454,-0.5925020374898126,0.6601159999999997,2.1141159999999997
1.455,-0.5926680244399185,0.6620250000000003,2.1170250000000004
1.456,-0.5928338762214984,0.6639360000000001,2.119936
1.457,-0.592999592999593,0.6658490000000004,2.1228490000000004
1.458,-0.5931651749389747,0.6677639999999998,2.1257639999999998
1.459,-0.593330622204148,0.6696810000000002,2.1286810000000003
1.46,-0.5934959349593496,0.6715999999999998,2.1315999999999997
1.461,-0.5936611133685493,0.6735210000000003,2.1345210000000003
1.462,-0.5938261575954509,0.6754439999999999,2.137444
1.463,-0.5939910678034916,0.6773690000000001,2.140369
1.464,-0.5941558441558441,0.6792959999999999,2.143296
1.465,-0.5943204868154159,0.6812250000000002,2.1462250000000003
1.466,-0.5944849959448499,0.6831560000000001,2.149156
1.467,-0.5946493717065262,0.6850890000000001,2.152089
1.468,-0.5948136142625607,0.6870240000000001,2.155024
1.469,-0.5949777237748076,0.6889610000000002,2.1579610000000002
1.47,-0.5951417004048584,0.6908999999999998,2.1609
1.471,-0.5953055443140429,0.692841,2.163841
1.472,-0.5954692556634305,0.6947839999999998,2.166784
1.473,-0.5956328346138294,0.6967290000000002,2.1697290000000002
1.474,-0.5957962813257881,0.6986760000000001,2.172676
1.475,-0.595959595959596,0.700625,2.175625
1.476,-0.5961227786752827,0.7025760000000001,2.178576
1.477,-0.5962858296326201,0.7045290000000002,2.1815290000000003
1.478,-0.5964487489911219,0.7064839999999999,2.184484
1.479,-0.5966115369100444,0.7084410000000001,2.187441
1.48,-0.5967741935483871,0.7103999999999999,2.1904
1.481,-0.5969367190648932,0.7123610000000002,2.1933610000000003
1.482,-0.5970991136180499,0.7143240000000002,2.196324
1.483,-0.5972613773660894,0.7162890000000002,2.1992890000000003
1.484,-0.5974235104669887,0.7182559999999998,2.2022559999999998
1.485,-0.5975855130784707,0.7202250000000003,2.2052250000000004
1.486,-0.5977473853580049,0.7221960000000001,2.208196
1.487,-0.5979091274628066,0.7241690000000003,2.2111690000000004
1.488,-0.5980707395498392,0.7261440000000001,2.214144
1.489,-0.5982322217758137,0.728121,2.217121
1.49,-0.5983935742971886,0.7301,2.2201
1.491,-0.5985547972701727,0.7320810000000004,2.2230810000000005
1.492,-0.5987158908507223,0.734064,2.226064
1.493,-0.5988768551945447,0.7360490000000002,2.2290490000000003
1.494,-0.5990376904570971,0.7380359999999999,2.232036
1.495,-0.5991983967935872,0.7400250000000002,2.2350250000000003
1.496,-0.5993589743589743,0.742016,2.238016
1.497,-0.5995194233079696,0.7440090000000004,2.2410090000000005
1.498,-0.599679743795036,0.7460039999999999,2.244004
1.499,-0.5998399359743898,0.7480010000000004,2.2470010000000005
1.5,-0.6,0.75,2.25
1.5010000000000001,-0.6001599360255897,0.7520010000000001,2.2530010000000003
1.502,-0.6003197442046363,0.7540039999999999,2.256004
1.5030000000000001,-0.6004794246903715,0.7560090000000002,2.2590090000000003
1.504,-0.6006389776357828,0.758016,2.262016
1.5050000000000001,-0.6007984031936129,0.7600250000000004,2.2650250000000005
1.506,-0.6009577015163606,0.7620359999999999,2.268036
1.5070000000000001,-0.6011168727562824,0.7640490000000004,2.2710490000000005
1.508,-0.6012759170653907,0.7660640000000001,2.274064
1.5090000000000001,-0.6014348345954563,0.7680810000000002,2.2770810000000004
1.51,-0.601593625498008,0.7701,2.2801
1.5110000000000001,-0.6017522899243329,0.7721210000000003,2.2831210000000004
1.512,-0.6019108280254777,0.7741440000000002,2.286144
1.5130000000000001,-0.6020692399522484,0.7761690000000001,2.2891690000000002
1.514,-0.6022275258552108,0.7781960000000001,2.292196
1.5150000000000001,-0.6023856858846919,0.7802250000000002,2.2952250000000003
1.516,-0.6025437201907791,0.7822559999999998,2.298256
1.5170000000000001,-0.6027016289233214,0.7842890000000005,2.3012890000000006
1.518,-0.6028594122319302,0.7863240000000002,2.3043240000000003
1.5190000000000001,-0.6030170702659786,0.7883610000000001,2.307361
1.52,-0.6031746031746031,0.7904,2.3104
1.5210000000000001,-0.6033320111067038,0.7924410000000004,2.3134410000000005
1.522,-0.6034892942109437,0.794484,2.316484
1.5230000000000001,-0.6036464526357511,0.7965290000000005,2.3195290000000006
1.524,-0.6038034865293186,0.7985760000000002,2.322576
1.5250000000000001,-0.6039603960396039,0.8006250000000004,2.3256250000000005
1.526,-0.604117181314331,0.8026760000000002,2.328676
1.5270000000000001,-0.6042738425009894,0.8047290000000005,2.3317290000000006
1.528,-0.6044303797468354,0.806784,2.334784
1.5290000000000001,-0.604586793198893,0.8088410000000004,2.3378410000000005
1.53,-0.6047430830039525,0.8109,2.3409
1.5310000000000001,-0.6048992493085737,0.8129610000000005,2.3439610000000006
1.532,-0.6050552922590837,0.8150240000000002,2.347024
1.5330000000000001,-0.6052112120015791,0.8170890000000004,2.3500890000000005
1.534,-0.6053670086819258,0.8191560000000002,2.3531560000000002
1.5350000000000001,-0.6055226824457594,0.8212250000000001,2.3562250000000002
1.536,-0.6056782334384858,0.823296,2.359296
1.537,-0.6058336618052819,0.8253689999999998,2.3623689999999997
1.538,-0.6059889676910953,0.8274440000000001,2.365444
1.539,-0.6061441512406459,0.829521,2.368521
1.54,-0.6062992125984252,0.8315999999999999,2.3716
1.541,-0.6064541519086973,0.8336809999999999,2.374681
1.542,-0.6066089693154997,0.835764,2.377764
1.543,-0.6067636649626424,0.8378490000000001,2.380849
1.544,-0.6069182389937107,0.8399360000000002,2.3839360000000003
1.545,-0.6070726915520629,0.842025,2.387025
1.546,-0.6072270227808326,0.8441159999999999,2.390116
1.547,-0.607381232822929,0.8462089999999998,2.3932089999999997
1.548,-0.6075353218210361,0.8483040000000002,2.396304
1.549,-0.6076892899176147,0.8504009999999997,2.3994009999999997
1.55,-0.607843137254902,0.8525000000000003,2.4025000000000003
1.551,-0.6079968639749117,0.8546009999999999,2.405601
1.552,-0.6081504702194357,0.8567040000000001,2.408704
1.553,-0.6083039561300431,0.8588089999999999,2.411809
1.554,-0.6084573218480814,0.8609160000000002,2.4149160000000003
1.555,-0.6086105675146771,0.8630249999999997,2.4180249999999996
1.556,-0.6087636932707355,0.8651360000000001,2.421136
1.557,-0.6089166992569417,0.8672489999999997,2.4242489999999997
1.558,-0.6090695856137608,0.8693640000000002,2.4273640000000003
1.559,-0.609222352481438,0.871481,2.430481
1.56,-0.609375,0.8736000000000002,2.4336
1.561,-0.6095275283092542,0.875721,2.436721
1.562,-0.60967993754879,0.8778440000000003,2.4398440000000003
1.563,-0.609832227857979,0.8799689999999998,2.4429689999999997
1.564,-0.609984399375975,0.8820960000000002,2.4460960000000003
1.565,-0.6101364522417154,0.8842249999999998,2.4492249999999998
1.566,-0.6102883865939206,0.8863559999999999,2.452356
1.567,-0.6104402025710945,0.8884890000000001,2.455489
1.568,-0.6105919003115264,0.8906240000000003,2.4586240000000004
1.569,-0.6107434799532893,0.8927609999999997,2.4617609999999996
1.57,-0.6108949416342412,0.8949,2.4649
1.571,-0.6110462854920264,0.897041,2.468041
1.572,-0.6111975116640747,0.899184,2.471184
1.573,-0.6113486202876021,0.901329,2.474329
1.574,-0.6114996114996115,0.9034760000000002,2.4774760000000002
1.575,-0.6116504854368932,0.9056249999999999,2.480625
1.576,-0.6118012422360248,0.9077760000000001,2.483776
1.577,-0.6119518820333721,0.909929,2.486929
1.578,-0.6121024049650892,0.9120840000000003,2.4900840000000004
1.579,-0.612252811167119,0.9142409999999999,2.493241
1.58,-0.6124031007751938,0.9164000000000003,2.4964000000000004
1.581,-0.6125532739248354,0.918561,2.499561
1.582,-0.6127033307513556,0.9207240000000001,2.502724
1.583,-0.6128532713898567,0.9228889999999998,2.505889
1.584,-0.6130030959752322,0.9250560000000001,2.509056
1.585,-0.6131528046421664,0.927225,2.512225
1.586,-0.6133023975251353,0.9293960000000003,2.5153960000000004
1.587,-0.6134518747584075,0.9315689999999999,2.518569
1.588,-0.6136012364760433,0.9337440000000004,2.5217440000000004
1.589,-0.6137504828118965,0.935921,2.524921
1.59,-0.613899613899614,0.9381000000000002,2.5281000000000002
1.591,-0.614048629872636,0.9402809999999999,2.531281
1.592,-0.6141975308641976,0.9424640000000002,2.5344640000000003
1.593,-0.6143463170073274,0.9446490000000001,2.537649
1.594,-0.6144949884348496,0.946836,2.540836
1.595,-0.6146435452793835,0.949025,2.544025
1.596,-0.6147919876733436,0.9512160000000001,2.547216
1.597,-0.614940315748941,0.9534089999999997,2.5504089999999997
1.598,-0.6150885296381833,0.9556040000000003,2.5536040000000004
1.599,-0.6152366294728742,0.9578010000000001,2.556801
1.6,-0.6153846153846154,0.9600000000000004,2.5600000000000005
1.601,-0.6155324875048058,0.9622009999999999,2.563201
1.602,-0.6156802459646425,0.9644040000000003,2.5664040000000004
1.603,-0.615827890895121,0.9666089999999998,2.569609
1.604,-0.6159754224270353,0.9688160000000003,2.5728160000000004
1.605,-0.6161228406909789,0.971025,2.576025
1.606,-0.6162701458173446,0.9732360000000002,2.5792360000000003
1.607,-0.6164173379363252,0.975449,2.582449
1.608,-0.6165644171779141,0.9776640000000003,2.5856640000000004
1.609,-0.6167113836719049,0.9798809999999998,2.5888809999999998
1.61,-0.6168582375478927,0.9821000000000002,2.5921000000000003
1.611,-0.6170049789352738,0.9843209999999998,2.5953209999999998
1.612,-0.6171516079632465,0.9865440000000003,2.5985440000000004
1.613,-0.6172981247608114,0.988769,2.601769
1.614,-0.6174445294567713,0.9909960000000002,2.6049960000000003
1.615,-0.6175908221797323,0.993225,2.608225
1.616,-0.617737003058104,0.9954560000000003,2.6114560000000004
1.617,-0.6178830722200993,0.9976889999999998,2.614689
1.618,-0.6180290297937356,0.9999240000000003,2.6179240000000004
1.619,-0.6181748759068347,1.0021609999999999,2.621161
1.62,-0.6183206106870229,1.0044000000000004,2.6244000000000005
1.621,-0.6184662342617322,1.0066410000000001,2.627641
1.622,-0.6186117467582,1.0088840000000003,2.6308840000000004
1.623,-0.6187571483034693,1.0111290000000002,2.634129
1.624,-0.6189024390243902,1.013376,2.637376
1.625,-0.6190476190476191,1.015625,2.640625
1.6260000000000001,-0.6191926884996192,1.0178760000000004,2.6438760000000006
1.627,-0.6193376475066616,1.020129,2.647129
1.6280000000000001,-0.619482496194825,1.0223840000000002,2.6503840000000003
1.629,-0.6196272346899961,1.024641,2.653641
1.6300000000000001,-0.6197718631178708,1.0269000000000001,2.6569000000000003
1.631,-0.6199163816039528,1.029161,2.660161
1.6320000000000001,-0.6200607902735562,1.0314240000000003,2.6634240000000005
1.633,-0.6202050892518041,1.0336889999999999,2.666689
1.6340000000000001,-0.6203492786636294,1.0359560000000003,2.6699560000000004
1.635,-0.6204933586337762,1.038225,2.673225
1.6360000000000001,-0.6206373292867982,1.040496,2.676496
1.637,-0.6207811907470611,1.0427689999999998,2.679769
1.6380000000000001,-0.6209249431387416,1.045044,2.683044
1.639,-0.6210685865858279,1.047321,2.686321
1.6400000000000001,-0.6212121212121212,1.0496000000000003,2.6896000000000004
1.641,-0.6213555471412344,1.0518809999999998,2.692881
1.6420000000000001,-0.6214988644965934,1.0541640000000003,2.6961640000000004
1.643,-0.6216420734014378,1.056449,2.699449
1.6440000000000001,-0.6217851739788199,1.0587360000000001,2.7027360000000002
1.645,-0.6219281663516069,1.0610249999999999,2.706025
1.6460000000000001,-0.6220710506424793,1.0633160000000001,2.7093160000000003
1.647,-0.6222138269739327,1.065609,2.712609
1.6480000000000001,-0.622356495468278,1.0679040000000004,2.7159040000000005
1.649,-0.6224990562476406,1.070201,2.719201
1.6500000000000001,-0.6226415094339622,1.0725000000000005,2.7225000000000006
1.651,-0.6227838551490005,1.0748010000000001,2.725801
1.6520000000000001,-0.6229260935143288,1.0771040000000003,2.7291040000000004
1.653,-0.6230682246513382,1.079409,2.732409
1.6540000000000001,-0.623210248681236,1.0817160000000003,2.7357160000000005
1.655,-0.623352165725047,1.0840250000000002,2.7390250000000003
1.6560000000000001,-0.6234939759036144,1.0863360000000002,2.7423360000000003
1.657,-0.6236356793375988,1.0886490000000002,2.7456490000000002
1.6580000000000001,-0.6237772761474792,1.0909640000000003,2.7489640000000004
1.659,-0.623918766453554,1.093281,2.752281
1.6600000000000001,-0.6240601503759399,1.0956000000000001,2.7556000000000003
1.661,-0.6242014280345735,1.097921,2.758921
1.6620000000000001,-0.6243425995492112,1.1002440000000002,2.7622440000000004
1.663,-0.6244836650394292,1.1025690000000001,2.765569
1.6640000000000001,-0.6246246246246246,1.1048960000000005,2.7688960000000007
1.665,-0.624765478424015,1.1072250000000001,2.772225
1.666,-0.6249062265566392,1.109556,2.775556
1.667,-0.6250468691413574,1.111889,2.778889
1.668,-0.6251874062968515,1.1142239999999999,2.782224
1.669,-0.6253278381416261,1.116561,2.785561
1.67,-0.6254681647940075,1.1189,2.7889
1.671,-0.6256083863721452,1.1212410000000002,2.792241
1.672,-0.625748502994012,1.123584,2.795584
1.673,-0.6258885147774037,1.1259290000000002,2.7989290000000002
1.674,-0.6260284218399401,1.128276,2.802276
1.675,-0.6261682242990655,1.130625,2.805625
1.676,-0.6263079222720478,1.132976,2.808976
1.677,-0.6264475158759806,1.135329,2.812329
1.678,-0.6265870052277819,1.1376839999999997,2.8156839999999996
1.679,-0.6267263904441955,1.1400410000000003,2.8190410000000004
1.68,-0.6268656716417911,1.1423999999999996,2.8223999999999996
1.681,-0.6270048489369638,1.144761,2.825761
1.682,-0.6271439224459359,1.1471239999999998,2.8291239999999998
1.683,-0.627282892284756,1.1494890000000002,2.8324890000000003
1.684,-0.6274217585692995,1.1518559999999998,2.8358559999999997
1.685,-0.6275605214152701,1.1542250000000003,2.8392250000000003
1.686,-0.6276991809381981,1.156596,2.842596
1.687,-0.6278377372534425,1.1589690000000001,2.845969
1.688,-0.6279761904761905,1.161344,2.849344
1.689,-0.6281145407214578,1.1637210000000002,2.8527210000000003
1.69,-0.6282527881040892,1.1660999999999997,2.8560999999999996
1.691,-0.6283909327387589,1.168481,2.859481
1.692,-0.6285289747399703,1.1708639999999997,2.8628639999999996
1.693,-0.6286669142220572,1.1732490000000002,2.8662490000000003
1.694,-0.6288047512991833,1.175636,2.869636
1.695,-0.6289424860853432,1.178025,2.873025
1.696,-0.6290801186943621,1.180416,2.876416
1.697,-0.6292176492398962,1.1828090000000002,2.8798090000000003
1.698,-0.6293550778354337,1.1852039999999997,2.8832039999999997
1.699,-0.6294924045942942,1.1876010000000001,2.886601
1.7,-0.6296296296296295,1.1899999999999997,2.8899999999999997
1.701,-0.6297667530544243,1.1924010000000003,2.8934010000000003
1.702,-0.6299037749814952,1.194804,2.896804
1.703,-0.6300406955234924,1.1972090000000002,2.9002090000000003
1.704,-0.6301775147928994,1.199616,2.903616
1.705,-0.6303142329020333,1.2020250000000003,2.9070250000000004
1.706,-0.6304508499630451,1.2044359999999998,2.910436
1.707,-0.6305873660879203,1.2068490000000003,2.9138490000000004
1.708,-0.6307237813884785,1.209264,2.917264
1.709,-0.630860095976375,1.211681,2.920681
1.71,-0.6309963099630996,1.2140999999999997,2.9240999999999997
1.711,-0.6311324234599778,1.216521,2.927521
1.712,-0.6312684365781711,1.2189439999999998,2.9309439999999998
1.713,-0.6314043494286767,1.2213690000000001,2.9343690000000002
1.714,-0.6315401621223287,1.223796,2.937796
1.715,-0.6316758747697975,1.2262250000000001,2.941225
1.716,-0.6318114874815906,1.2286559999999997,2.9446559999999997
1.717,-0.631947000368053,1.2310890000000003,2.9480890000000004
1.718,-0.6320824135393672,1.233524,2.951524
1.719,-0.6322177271055535,1.2359610000000003,2.9549610000000004
1.72,-0.6323529411764707,1.2383999999999997,2.9583999999999997
1.721,-0.6324880558618156,1.240841,2.961841
1.722,-0.6326230712711242,1.243284,2.965284
1.723,-0.6327579875137717,1.245729,2.968729
1.724,-0.632892804698972,1.2481759999999997,2.9721759999999997
1.725,-0.6330275229357798,1.2506250000000003,2.9756250000000004
1.726,-0.6331621423330888,1.253076,2.979076
1.727,-0.6332966629996333,1.2555290000000003,2.9825290000000004
1.728,-0.6334310850439884,1.2579839999999998,2.9859839999999997
1.729,-0.6335654085745694,1.2604410000000001,2.9894410000000002
1.73,-0.6336996336996337,1.2629000000000001,2.9929
1.731,-0.6338337605272795,1.2653610000000002,2.9963610000000003
1.732,-0.6339677891654465,1.2678239999999998,2.999824
1.733,-0.6341017197219173,1.2702890000000004,3.0032890000000005
1.734,-0.634235552304316,1.2727559999999998,3.0067559999999998
1.735,-0.6343692870201096,1.275225,3.010225
1.736,-0.6345029239766082,1.277696,3.013696
1.737,-0.6346364632809646,1.2801690000000003,3.0171690000000004
1.738,-0.6347699050401753,1.282644,3.020644
1.739,-0.6349032493610808,1.2851210000000004,3.0241210000000005
1.74,-0.635036496350365,1.2876,3.0276
1.741,-0.6351696461145567,1.2900810000000003,3.0310810000000004
1.742,-0.6353026987600292,1.292564,3.034564
1.743,-0.6354356543930003,1.2950490000000003,3.0380490000000004
1.744,-0.6355685131195336,1.2975359999999998,3.041536
1.745,-0.6357012750455373,1.3000250000000002,3.0450250000000003
1.746,-0.6358339402767662,1.3025159999999998,3.048516
1.747,-0.6359665089188206,1.3050090000000003,3.0520090000000004
1.748,-0.636098981077147,1.307504,3.055504
1.749,-0.6362313568570389,1.3100010000000002,3.0590010000000003
1.75,-0.6363636363636364,1.3125,3.0625
1.7510000000000001,-0.6364958197019266,1.3150010000000003,3.0660010000000004
1.752,-0.6366279069767442,1.3175039999999998,3.069504
1.7530000000000001,-0.6367598982927716,1.3200090000000002,3.0730090000000003
1.754,-0.6368917937545389,1.3225159999999998,3.076516
1.7550000000000001,-0.6370235934664248,1.3250250000000003,3.0800250000000005
1.756,-0.637155297532656,1.327536,3.083536
1.7570000000000001,-0.6372869060573086,1.3300490000000003,3.0870490000000004
1.758,-0.6374184191443075,1.332564,3.090564
1.7590000000000001,-0.6375498368974266,1.3350810000000004,3.0940810000000005
1.76,-0.6376811594202899,1.3376,3.0976
1.7610000000000001,-0.6378123868163709,1.3401210000000003,3.1011210000000005
1.762,-0.6379435191889935,1.342644,3.104644
1.7630000000000001,-0.638074556641332,1.3451690000000005,3.1081690000000006
1.764,-0.6382054992764109,1.3476960000000002,3.1116960000000002
1.7650000000000001,-0.6383363471971067,1.3502250000000005,3.1152250000000006
1.766,-0.6384671005061461,1.3527559999999998,3.118756
1.7670000000000001,-0.6385977593061076,1.3552890000000002,3.1222890000000003
1.768,-0.638728323699422,1.3578240000000001,3.125824
1.7690000000000001,-0.6388587937883713,1.3603610000000002,3.1293610000000003
1.77,-0.6389891696750902,1.3629000000000002,3.1329000000000002
1.7710000000000001,-0.6391194514615662,1.3654410000000003,3.1364410000000005
1.772,-0.6392496392496392,1.367984,3.139984
1.7730000000000001,-0.6393797331410025,1.3705290000000003,3.1435290000000005
1.774,-0.6395097332372026,1.3730760000000002,3.147076
1.7750000000000001,-0.6396396396396397,1.3756250000000005,3.1506250000000007
1.776,-0.6397694524495677,1.378176,3.154176
1.7770000000000001,-0.6398991717680951,1.3807290000000005,3.1577290000000007
1.778,-0.6400287976961843,1.3832840000000002,3.161284
1.7790000000000001,-0.6401583303346529,1.3858410000000003,3.1648410000000005
1.78,-0.6402877697841726,1.3884,3.1684
1.7810000000000001,-0.6404171161452715,1.3909610000000003,3.1719610000000005
1.782,-0.6405463695183321,1.3935240000000002,3.1755240000000002
1.7830000000000001,-0.6406755300035932,1.3960890000000006,3.1790890000000007
1.784,-0.6408045977011495,1.3986560000000001,3.182656
1.7850000000000001,-0.6409335727109515,1.4012250000000002,3.1862250000000003
1.786,-0.6410624551328069,1.4037960000000003,3.1897960000000003
1.7870000000000001,-0.6411912450663797,1.4063690000000004,3.1933690000000006
1.788,-0.6413199426111907,1.4089440000000002,3.1969440000000002
1.7890000000000001,-0.6414485478666189,1.4115210000000005,3.2005210000000006
1.79,-0.6415770609318997,1.4141,3.2041
1.7910000000000001,-0.6417054819061268,1.4166810000000003,3.2076810000000004
1.792,-0.6418338108882522,1.4192640000000003,3.2112640000000003
1.793,-0.6419620479770856,1.4218489999999997,3.2148489999999996
1.794,-0.6420901932712957,1.424436,3.218436
1.795,-0.6422182468694096,1.427025,3.222025
1.796,-0.642346208869814,1.429616,3.225616
1.797,-0.6424740793707544,1.4322089999999996,3.2292089999999996
1.798,-0.6426018584703359,1.4348040000000002,3.2328040000000002
1.799,-0.6427295462665238,1.437401,3.236401
1.8,-0.6428571428571429,1.4400000000000002,3.24
1.801,-0.6429846483398786,1.442601,3.243601
1.802,-0.643112062812277,1.445204,3.247204
1.803,-0.6432393863717446,1.447809,3.250809
1.804,-0.6433666191155492,1.450416,3.254416
1.805,-0.64349376114082,1.453025,3.258025
1.806,-0.6436208125445474,1.4556360000000002,3.261636
1.807,-0.6437477734235839,1.458249,3.265249
1.808,-0.6438746438746439,1.4608640000000002,3.268864
1.809,-0.6440014239943039,1.463481,3.272481
1.81,-0.6441281138790036,1.4661,3.2761
1.811,-0.6442547136250445,1.468721,3.279721
1.812,-0.6443812233285917,1.471344,3.283344
1.813,-0.6445076430856737,1.4739689999999996,3.2869689999999996
1.814,-0.644633972992182,1.4765960000000002,3.2905960000000003
1.815,-0.6447602131438721,1.479225,3.294225
1.816,-0.6448863636363636,1.4818560000000003,3.2978560000000003
1.817,-0.6450124245651402,1.4844889999999997,3.3014889999999997
1.818,-0.64513839602555,1.4871240000000001,3.305124
1.819,-0.645264278112806,1.4897609999999997,3.3087609999999996
1.82,-0.6453900709219857,1.4924000000000002,3.3124000000000002
1.821,-0.6455157745480327,1.4950409999999998,3.316041
1.822,-0.6456413890857547,1.497684,3.319684
1.823,-0.6457669146298264,1.5003289999999998,3.3233289999999998
1.824,-0.6458923512747876,1.502976,3.326976
1.825,-0.6460176991150441,1.505625,3.330625
1.826,-0.6461429582448691,1.5082760000000004,3.3342760000000005
1.827,-0.6462681287584011,1.510929,3.337929
1.828,-0.6463932107496464,1.513584,3.341584
1.829,-0.646518204312478,1.5162409999999997,3.3452409999999997
1.83,-0.6466431095406361,1.5189000000000004,3.3489000000000004
1.831,-0.6467679265277287,1.5215609999999997,3.3525609999999997
1.832,-0.6468926553672317,1.524224,3.356224
1.833,-0.6470172961524885,1.526889,3.359889
1.834,-0.6471418489767113,1.5295560000000004,3.3635560000000004
1.835,-0.6472663139329806,1.532225,3.367225
1.836,-0.6473906911142454,1.534896,3.370896
1.837,-0.647514980613324,1.5375689999999997,3.3745689999999997
1.838,-0.6476391825229034,1.5402440000000004,3.3782440000000005
1.839,-0.6477632969355407,1.5429209999999998,3.3819209999999997
1.84,-0.647887323943662,1.5456,3.3856
1.841,-0.6480112636395635,1.548281,3.389281
1.842,-0.6481351161154117,1.550964,3.392964
1.843,-0.6482588814632431,1.553649,3.396649
1.844,-0.6483825597749648,1.5563360000000002,3.4003360000000002
1.845,-0.6485061511423551,1.5590249999999999,3.404025
1.846,-0.6486296556570625,1.561716,3.407716
1.847,-0.6487530734106076,1.564409,3.411409
1.848,-0.6488764044943821,1.5671040000000003,3.4151040000000004
1.849,-0.6489996489996489,1.5698009999999998,3.4188009999999998
1.85,-0.6491228070175439,1.5725000000000002,3.4225000000000003
1.851,-0.649245878639074,1.5752009999999999,3.426201
1.852,-0.6493688639551192,1.5779040000000004,3.4299040000000005
1.853,-0.6494917630564319,1.5806090000000002,3.433609
1.854,-0.649614576033637,1.5833160000000004,3.4373160000000005
1.855,-0.649737302977233,1.5860249999999998,3.441025
1.856,-0.6498599439775911,1.5887360000000001,3.4447360000000002
1.857,-0.6499824991249562,1.5914490000000001,3.448449
1.858,-0.6501049685094472,1.5941640000000001,3.4521640000000002
1.859,-0.6502273522210563,1.5968809999999998,3.4558809999999998
1.86,-0.6503496503496503,1.5996000000000004,3.4596000000000005
1.861,-0.6504718629849703,1.602321,3.463321
1.862,-0.6505939902166318,1.6050440000000004,3.4670440000000005
1.863,-0.650716032134125,1.6077689999999998,3.4707689999999998
1.864,-0.6508379888268156,1.6104960000000001,3.4744960000000003
1.865,-0.6509598603839442,1.6132250000000001,3.478225
1.866,-0.6510816468946267,1.6159560000000002,3.4819560000000003
1.867,-0.6512033484478549,1.6186889999999998,3.485689
1.868,-0.6513249651324965,1.6214240000000004,3.4894240000000005
1.869,-0.6514464970372953,1.6241610000000002,3.493161
1.87,-0.6515679442508711,1.6269000000000005,3.4969000000000006
1.871,-0.6516893068617207,1.629641,3.500641
1.872,-0.6518105849582173,1.6323840000000003,3.5043840000000004
1.873,-0.6519317786286112,1.6351289999999998,3.508129
1.874,-0.6520528879610299,1.6378760000000003,3.5118760000000004
1.875,-0.6521739130434783,1.640625,3.515625
1.8760000000000001,-0.6522948539638387,1.6433760000000002,3.5193760000000003
1.877,-0.6524157108098715,1.646129,3.523129
1.8780000000000001,-0.6525364836692148,1.6488840000000002,3.5268840000000004
1.879,-0.6526571726293852,1.6516410000000001,3.530641
1.8800000000000001,-0.6527777777777778,1.6544000000000005,3.5344000000000007
1.881,-0.6528982992016661,1.657161,3.538161
1.8820000000000001,-0.6530187369882027,1.6599240000000002,3.5419240000000003
1.883,-0.653139091224419,1.6626889999999999,3.545689
1.8840000000000001,-0.653259361997226,1.6654560000000005,3.5494560000000006
1.885,-0.6533795493934142,1.6682249999999998,3.553225
1.8860000000000001,-0.6534996534996536,1.6709960000000001,3.5569960000000003
1.887,-0.6536196744024939,1.673769,3.560769
1.8880000000000001,-0.6537396121883657,1.6765440000000005,3.5645440000000006
1.889,-0.653859466943579,1.679321,3.568321
1.8900000000000001,-0.6539792387543253,1.6821000000000002,3.5721000000000003
1.891,-0.6540989277066759,1.6848809999999999,3.575881
1.8920000000000001,-0.6542185338865837,1.6876640000000005,3.5796640000000006
1.893,-0.6543380573798825,1.6904489999999999,3.583449
1.8940000000000001,-0.6544574982722875,1.6932360000000002,3.5872360000000003
1.895,-0.6545768566493955,1.6960250000000001,3.591025
1.8960000000000001,-0.6546961325966851,1.6988160000000005,3.5948160000000007
1.897,-0.6548153261995167,1.7016090000000001,3.598609
1.8980000000000001,-0.6549344375431332,1.7044040000000003,3.6024040000000004
1.899,-0.6550534667126595,1.707201,3.606201
1.9000000000000001,-0.6551724137931034,1.7100000000000002,3.6100000000000003
1.901,-0.6552912788693555,1.712801,3.613801
1.9020000000000001,-0.6554100620261889,1.7156040000000004,3.6176040000000005
1.903,-0.6555287633482604,1.7184089999999999,3.621409
1.9040000000000001,-0.6556473829201103,1.7212160000000003,3.6252160000000004
1.905,-0.6557659208261617,1.724025,3.629025
1.9060000000000001,-0.6558843771507227,1.7268360000000005,3.6328360000000006
1.907,-0.6560027519779842,1.7296490000000002,3.6366490000000002
1.9080000000000001,-0.656121045392022,1.7324640000000004,3.6404640000000006
1.909,-0.6562392574767962,1.7352810000000003,3.6442810000000003
1.9100000000000001,-0.6563573883161512,1.7381000000000002,3.6481000000000003
1.911,-0.6564754379938166,1.7409210000000002,3.651921
1.9120000000000001,-0.6565934065934067,1.7437440000000006,3.6557440000000008
1.913,-0.6567112941984208,1.7465690000000003,3.6595690000000003
1.9140000000000001,-0.6568291008922443,1.7493960000000004,3.6633960000000005
1.915,-0.6569468267581475,1.7522250000000001,3.667225
1.9160000000000001,-0.6570644718792866,1.7550560000000004,3.6710560000000005
1.917,-0.6571820363387042,1.7578890000000003,3.6748890000000003
1.9180000000000001,-0.6572995202193284,1.7607240000000006,3.6787240000000008
1.919,-0.657416923603974,1.7635610000000002,3.682561
1.92,-0.6575342465753424,1.7664,3.6864
1.921,-0.6576514892160219,1.7692410000000003,3.6902410000000003
1.922,-0.6577686516084874,1.7720839999999998,3.6940839999999997
1.923,-0.657885733835101,1.7749290000000002,3.6979290000000002
1.924,-0.6580027359781122,1.7777759999999998,3.7017759999999997
1.925,-0.6581196581196582,1.7806250000000003,3.7056250000000004
1.926,-0.6582365003417634,1.7834759999999996,3.7094759999999996
1.927,-0.658353262726341,1.7863290000000003,3.7133290000000003
1.928,-0.6584699453551912,1.7891839999999997,3.7171839999999996
1.929,-0.6585865483100034,1.792041,3.721041
1.93,-0.658703071672355,1.7949,3.7249
1.931,-0.6588195155237121,1.797761,3.728761
1.932,-0.6589358799454297,1.800624,3.732624
1.933,-0.6590521650187522,1.8034890000000001,3.736489
1.934,-0.6591683708248125,1.8063559999999999,3.740356
1.935,-0.6592844974446337,1.809225,3.744225
1.936,-0.659400544959128,1.812096,3.748096
1.937,-0.6595165134490977,1.8149690000000003,3.7519690000000003
1.938,-0.6596324029952348,1.8178439999999998,3.7558439999999997
1.939,-0.6597482136781219,1.8207210000000003,3.7597210000000003
1.94,-0.6598639455782312,1.8235999999999999,3.7636
1.941,-0.6599795987759266,1.826481,3.767481
1.942,-0.6600951733514615,1.8293639999999998,3.7713639999999997
1.943,-0.6602106693849813,1.832249,3.775249
1.944,-0.6603260869565217,1.8351359999999999,3.779136
1.945,-0.6604414261460101,1.8380250000000002,3.7830250000000003
1.946,-0.6605566870332655,1.8409159999999998,3.7869159999999997
1.947,-0.660671869697998,1.8438090000000003,3.7908090000000003
1.948,-0.66078697421981,1.846704,3.794704
1.949,-0.660902000678196,1.849601,3.798601
1.95,-0.6610169491525423,1.8524999999999998,3.8024999999999998
1.951,-0.6611318197221281,1.855401,3.806401
1.952,-0.6612466124661247,1.858304,3.810304
1.953,-0.6613613274635963,1.8612090000000003,3.8142090000000004
1.954,-0.6614759647935003,1.8641159999999999,3.818116
1.955,-0.661590524534687,1.8670250000000004,3.8220250000000004
1.956,-0.6617050067658998,1.869936,3.825936
1.957,-0.6618194115657762,1.8728490000000002,3.8298490000000003
1.958,-0.6619337390128465,1.875764,3.833764
1.959,-0.6620479891855356,1.8786810000000003,3.8376810000000003
1.96,-0.6621621621621622,1.8815999999999997,3.8415999999999997
1.961,-0.6622762580209388,1.8845210000000001,3.845521
1.962,-0.6623902768399731,1.8874440000000001,3.849444
1.963,-0.6625042186972663,1.8903690000000002,3.8533690000000003
1.964,-0.6626180836707153,1.8932959999999999,3.857296
1.965,-0.6627318718381113,1.896225,3.861225
1.966,-0.6628455832771408,1.8991559999999998,3.865156
1.967,-0.6629592180653859,1.9020890000000001,3.8690890000000002
1.968,-0.6630727762803235,1.905024,3.873024
1.969,-0.6631862579993263,1.9079610000000005,3.8769610000000005
1.97,-0.6632996632996634,1.9109,3.8809
1.971,-0.6634129922584988,1.9138410000000001,3.884841
1.972,-0.6635262449528937,1.9167839999999998,3.888784
1.973,-0.6636394214598049,1.9197290000000005,3.8927290000000005
1.974,-0.663752521856086,1.9226759999999998,3.896676
1.975,-0.6638655462184874,1.9256250000000001,3.9006250000000002
1.976,-0.6639784946236559,1.928576,3.904576
1.977,-0.6640913671481357,1.931529,3.908529
1.978,-0.6642041638683681,1.934484,3.912484
1.979,-0.6643168848606915,1.9374410000000002,3.9164410000000003
1.98,-0.6644295302013423,1.9404,3.9204
1.981,-0.6645420999664543,1.9433610000000001,3.924361
1.982,-0.664654594232059,1.946324,3.928324
1.983,-0.6647670130740865,1.9492890000000003,3.9322890000000004
1.984,-0.6648793565683646,1.9522559999999998,3.9362559999999998
1.985,-0.6649916247906197,1.9552250000000002,3.9402250000000003
1.986,-0.665103817816477,1.9581959999999998,3.944196
1.987,-0.6652159357214597,1.9611690000000004,3.9481690000000005
1.988,-0.6653279785809906,1.9641440000000001,3.952144
1.989,-0.6654399464703915,1.9671210000000003,3.9561210000000004
1.99,-0.6655518394648829,1.9701000000000002,3.9601
1.991,-0.6656636576395855,1.9730810000000005,3.9640810000000006
1.992,-0.6657754010695187,1.976064,3.968064
1.993,-0.6658870698296023,1.9790490000000005,3.9720490000000006
1.994,-0.665998663994656,1.9820360000000001,3.976036
1.995,-0.666110183639399,1.9850250000000003,3.9800250000000004
1.996,-0.6662216288384513,1.988016,3.984016
1.997,-0.6663329996663331,1.9910090000000003,3.9880090000000004
1.998,-0.6664442961974649,1.994004,3.992004
1.999,-0.6665555185061688,1.9970010000000005,3.9960010000000006
2.0,-0.6666666666666666,2.0,4.0
